iso_time,unix_ts,elapsed_s,valid_count,ch00,ch01,ch02,ch03,ch04,ch05,ch06,ch07,ch08,ch09,ch10,ch11,ch12,ch13,ch14,ch15,ch16,ch17,ch18,ch19,ch20,ch21,ch22,ch23,ch24,ch25,ch26,ch27,ch28,ch29,ch30,ch31,uv00,uv01,uv02,uv03,uv04,uv05,uv06,uv07,uv08,uv09,uv10,uv11,uv12,uv13,uv14,uv15,uv16,uv17,uv18,uv19,uv20,uv21,uv22,uv23,uv24,uv25,uv26,uv27,uv28,uv29,uv30,uv31,cj00,cj01,cj02,cj03,cj04,cj05,cj06,cj07,cj08,cj09,cj10,cj11,cj12,cj13,cj14,cj15
2026-10-04 21:37:40.114,1791146260.1143,0.0174,7,19.3825,30.4104,25.5771,1034.7018,18.3760,18.2103,30.7514,NaN,NaN,NaN,NaN,NaN,NaN,NaN,NaN,NaN,NaN,NaN,NaN,NaN,NaN,NaN,NaN,NaN,NaN,NaN,NaN,NaN,NaN,NaN,NaN,NaN,-226.7006,219.7537,3.1805,41601.1289,-307.8871,-314.5219,172.7855,NaN,NaN,NaN,NaN,NaN,NaN,NaN,NaN,NaN,NaN,NaN,NaN,NaN,NaN,NaN,NaN,NaN,NaN,NaN,NaN,NaN,NaN,NaN,NaN,NaN,25.0000,25.5000,26.0000,26.5000,27.0000,27.5000,28.0000,28.5000,29.0000,29.5000,30.0000,30.5000,31.0000,31.5000,32.0000,32.5000
2026-10-04 21:37:40.220,1791146260.2209,0.1240,7,19.2245,30.1709,25.6567,1034.4120,18.1200,18.3285,30.7838,NaN,NaN,NaN,NaN,NaN,NaN,NaN,NaN,NaN,NaN,NaN,NaN,NaN,NaN,NaN,NaN,NaN,NaN,NaN,NaN,NaN,NaN,NaN,NaN,NaN,-233.0199,209.9463,6.4617,41590.1758,-318.1523,-309.7859,174.1154,NaN,NaN,NaN,NaN,NaN,NaN,NaN,NaN,NaN,NaN,NaN,NaN,NaN,NaN,NaN,NaN,NaN,NaN,NaN,NaN,NaN,NaN,NaN,NaN,NaN,25.0000,25.5000,26.0000,26.5000,27.0000,27.5000,28.0000,28.5000,29.0000,29.5000,30.0000,30.5000,31.0000,31.5000,32.0000,32.5000
2026-10-04 21:37:40.327,1791146260.3279,0.2310,7,19.0047,30.0524,25.7127,1034.1301,18.1802,18.3203,30.8403,NaN,NaN,NaN,NaN,NaN,NaN,NaN,NaN,NaN,NaN,NaN,NaN,NaN,NaN,NaN,NaN,NaN,NaN,NaN,NaN,NaN,NaN,NaN,NaN,NaN,-241.8103,205.1233,8.7644,41579.4844,-315.7311,-310.1159,176.4415,NaN,NaN,NaN,NaN,NaN,NaN,NaN,NaN,NaN,NaN,NaN,NaN,NaN,NaN,NaN,NaN,NaN,NaN,NaN,NaN,NaN,NaN,NaN,NaN,NaN,25.0000,25.5000,26.0000,26.5000,27.0000,27.5000,28.0000,28.5000,29.0000,29.5000,30.0000,30.5000,31.0000,31.5000,32.0000,32.5000
2026-10-04 21:37:40.434,1791146260.4347,0.3378,7,18.9505,29.9559,25.9576,1033.8568,17.8867,18.4943,30.7613,NaN,NaN,NaN,NaN,NaN,NaN,NaN,NaN,NaN,NaN,NaN,NaN,NaN,NaN,NaN,NaN,NaN,NaN,NaN,NaN,NaN,NaN,NaN,NaN,NaN,-243.9804,201.2186,18.7790,41568.9609,-327.6077,-303.1646,173.1917,NaN,NaN,NaN,NaN,NaN,NaN,NaN,NaN,NaN,NaN,NaN,NaN,NaN,NaN,NaN,NaN,NaN,NaN,NaN,NaN,NaN,NaN,NaN,NaN,NaN,25.0000,25.5000,26.0000,26.5000,27.0000,27.5000,28.0000,28.5000,29.0000,29.5000,30.0000,30.5000,31.0000,31.5000,32.0000,32.5000
2026-10-04 21:37:40.542,1791146260.5421,0.4452,7,18.7942,29.6426,26.1281,1033.5920,17.5666,18.4878,30.9903,NaN,NaN,NaN,NaN,NaN,NaN,NaN,NaN,NaN,NaN,NaN,NaN,NaN,NaN,NaN,NaN,NaN,NaN,NaN,NaN,NaN,NaN,NaN,NaN,NaN,-250.2139,188.6723,25.6640,41558.6094,-340.7542,-303.4234,182.6009,NaN,NaN,NaN,NaN,NaN,NaN,NaN,NaN,NaN,NaN,NaN,NaN,NaN,NaN,NaN,NaN,NaN,NaN,NaN,NaN,NaN,NaN,NaN,NaN,NaN,25.0000,25.5000,26.0000,26.5000,27.0000,27.5000,28.0000,28.5000,29.0000,29.5000,30.0000,30.5000,31.0000,31.5000,32.0000,32.5000
2026-10-04 21:37:40.648,1791146260.6480,0.5511,7,18.5644,29.6483,26.2250,1033.3383,17.4078,18.5594,30.8025,NaN,NaN,NaN,NaN,NaN,NaN,NaN,NaN,NaN,NaN,NaN,NaN,NaN,NaN,NaN,NaN,NaN,NaN,NaN,NaN,NaN,NaN,NaN,NaN,NaN,-259.3696,188.9000,29.5471,41548.6562,-347.3022,-300.5716,174.8865,NaN,NaN,NaN,NaN,NaN,NaN,NaN,NaN,NaN,NaN,NaN,NaN,NaN,NaN,NaN,NaN,NaN,NaN,NaN,NaN,NaN,NaN,NaN,NaN,NaN,25.0000,25.5000,26.0000,26.5000,27.0000,27.5000,28.0000,28.5000,29.0000,29.5000,30.0000,30.5000,31.0000,31.5000,32.0000,32.5000
2026-10-04 21:37:40.755,1791146260.7555,0.6586,7,18.4324,29.4731,26.4205,1033.0897,17.1365,18.5829,30.8948,NaN,NaN,NaN,NaN,NaN,NaN,NaN,NaN,NaN,NaN,NaN,NaN,NaN,NaN,NaN,NaN,NaN,NaN,NaN,NaN,NaN,NaN,NaN,NaN,NaN,-264.6367,181.9316,37.3395,41538.9648,-358.4455,-299.6326,178.6806,NaN,NaN,NaN,NaN,NaN,NaN,NaN,NaN,NaN,NaN,NaN,NaN,NaN,NaN,NaN,NaN,NaN,NaN,NaN,NaN,NaN,NaN,NaN,NaN,NaN,25.0000,25.5000,26.0000,26.5000,27.0000,27.5000,28.0000,28.5000,29.0000,29.5000,30.0000,30.5000,31.0000,31.5000,32.0000,32.5000
2026-10-04 21:37:40.862,1791146260.8626,0.7657,7,18.2924,29.5303,26.3476,1032.8514,17.0135,18.6634,30.7340,NaN,NaN,NaN,NaN,NaN,NaN,NaN,NaN,NaN,NaN,NaN,NaN,NaN,NaN,NaN,NaN,NaN,NaN,NaN,NaN,NaN,NaN,NaN,NaN,NaN,-270.2310,184.2046,34.4382,41529.8086,-363.4521,-296.4278,172.0667,NaN,NaN,NaN,NaN,NaN,NaN,NaN,NaN,NaN,NaN,NaN,NaN,NaN,NaN,NaN,NaN,NaN,NaN,NaN,NaN,NaN,NaN,NaN,NaN,NaN,25.0000,25.5000,26.0000,26.5000,27.0000,27.5000,28.0000,28.5000,29.0000,29.5000,30.0000,30.5000,31.0000,31.5000,32.0000,32.5000
2026-10-04 21:37:40.969,1791146260.9691,0.8722,7,18.0565,29.3725,26.5631,1032.6229,16.8937,18.7370,30.6860,NaN,NaN,NaN,NaN,NaN,NaN,NaN,NaN,NaN,NaN,NaN,NaN,NaN,NaN,NaN,NaN,NaN,NaN,NaN,NaN,NaN,NaN,NaN,NaN,NaN,-279.7141,177.9298,43.0077,41521.1406,-368.2931,-293.4962,170.0910,NaN,NaN,NaN,NaN,NaN,NaN,NaN,NaN,NaN,NaN,NaN,NaN,NaN,NaN,NaN,NaN,NaN,NaN,NaN,NaN,NaN,NaN,NaN,NaN,NaN,25.0000,25.5000,26.0000,26.5000,27.0000,27.5000,28.0000,28.5000,29.0000,29.5000,30.0000,30.5000,31.0000,31.5000,32.0000,32.5000
2026-10-04 21:37:41.080,1791146261.0804,0.9835,7,17.9339,29.2364,26.7305,1032.4026,16.6686,18.7285,30.7017,NaN,NaN,NaN,NaN,NaN,NaN,NaN,NaN,NaN,NaN,NaN,NaN,NaN,NaN,NaN,NaN,NaN,NaN,NaN,NaN,NaN,NaN,NaN,NaN,NaN,-284.6814,172.5024,49.6741,41512.8203,-377.3281,-293.8338,170.7381,NaN,NaN,NaN,NaN,NaN,NaN,NaN,NaN,NaN,NaN,NaN,NaN,NaN,NaN,NaN,NaN,NaN,NaN,NaN,NaN,NaN,NaN,NaN,NaN,NaN,25.0000,25.5000,26.0000,26.5000,27.0000,27.5000,28.0000,28.5000,29.0000,29.5000,30.0000,30.5000,31.0000,31.5000,32.0000,32.5000
2026-10-04 21:37:41.186,1791146261.1866,1.0898,7,17.6731,29.3722,26.5659,1032.1906,16.5319,18.8921,30.9457,NaN,NaN,NaN,NaN,NaN,NaN,NaN,NaN,NaN,NaN,NaN,NaN,NaN,NaN,NaN,NaN,NaN,NaN,NaN,NaN,NaN,NaN,NaN,NaN,NaN,-295.3649,177.9167,43.1214,41504.7891,-382.7875,-287.3114,180.7713,NaN,NaN,NaN,NaN,NaN,NaN,NaN,NaN,NaN,NaN,NaN,NaN,NaN,NaN,NaN,NaN,NaN,NaN,NaN,NaN,NaN,NaN,NaN,NaN,NaN,25.0000,25.5000,26.0000,26.5000,27.0000,27.5000,28.0000,28.5000,29.0000,29.5000,30.0000,30.5000,31.0000,31.5000,32.0000,32.5000
2026-10-04 21:37:41.291,1791146261.2918,1.1949,7,17.5073,28.9810,26.8171,1031.9891,16.2198,18.9415,30.8491,NaN,NaN,NaN,NaN,NaN,NaN,NaN,NaN,NaN,NaN,NaN,NaN,NaN,NaN,NaN,NaN,NaN,NaN,NaN,NaN,NaN,NaN,NaN,NaN,NaN,-302.1973,162.2304,53.1382,41497.0820,-395.2258,-285.3401,176.8040,NaN,NaN,NaN,NaN,NaN,NaN,NaN,NaN,NaN,NaN,NaN,NaN,NaN,NaN,NaN,NaN,NaN,NaN,NaN,NaN,NaN,NaN,NaN,NaN,NaN,25.0000,25.5000,26.0000,26.5000,27.0000,27.5000,28.0000,28.5000,29.0000,29.5000,30.0000,30.5000,31.0000,31.5000,32.0000,32.5000
2026-10-04 21:37:41.396,1791146261.3966,1.2997,7,17.2966,28.8289,26.8969,1031.7985,16.0072,19.1767,30.9701,NaN,NaN,NaN,NaN,NaN,NaN,NaN,NaN,NaN,NaN,NaN,NaN,NaN,NaN,NaN,NaN,NaN,NaN,NaN,NaN,NaN,NaN,NaN,NaN,NaN,-310.8836,156.0429,56.3409,41489.7070,-403.7125,-275.9331,181.7754,NaN,NaN,NaN,NaN,NaN,NaN,NaN,NaN,NaN,NaN,NaN,NaN,NaN,NaN,NaN,NaN,NaN,NaN,NaN,NaN,NaN,NaN,NaN,NaN,NaN,25.0000,25.5000,26.0000,26.5000,27.0000,27.5000,28.0000,28.5000,29.0000,29.5000,30.0000,30.5000,31.0000,31.5000,32.0000,32.5000
2026-10-04 21:37:41.504,1791146261.5044,1.4075,7,17.1043,28.8731,26.9077,1031.6148,15.9609,19.2083,30.9025,NaN,NaN,NaN,NaN,NaN,NaN,NaN,NaN,NaN,NaN,NaN,NaN,NaN,NaN,NaN,NaN,NaN,NaN,NaN,NaN,NaN,NaN,NaN,NaN,NaN,-318.7617,157.8453,56.7757,41482.5508,-405.5625,-274.6697,178.9997,NaN,NaN,NaN,NaN,NaN,NaN,NaN,NaN,NaN,NaN,NaN,NaN,NaN,NaN,NaN,NaN,NaN,NaN,NaN,NaN,NaN,NaN,NaN,NaN,NaN,25.0000,25.5000,26.0000,26.5000,27.0000,27.5000,28.0000,28.5000,29.0000,29.5000,30.0000,30.5000,31.0000,31.5000,32.0000,32.5000
2026-10-04 21:37:41.611,1791146261.6112,1.5144,7,17.0234,28.8214,26.9026,1031.4405,15.6610,19.3692,30.9267,NaN,NaN,NaN,NaN,NaN,NaN,NaN,NaN,NaN,NaN,NaN,NaN,NaN,NaN,NaN,NaN,NaN,NaN,NaN,NaN,NaN,NaN,NaN,NaN,NaN,-322.0525,155.7394,56.5705,41475.7344,-417.5617,-268.2317,179.9904,NaN,NaN,NaN,NaN,NaN,NaN,NaN,NaN,NaN,NaN,NaN,NaN,NaN,NaN,NaN,NaN,NaN,NaN,NaN,NaN,NaN,NaN,NaN,NaN,NaN,25.0000,25.5000,26.0000,26.5000,27.0000,27.5000,28.0000,28.5000,29.0000,29.5000,30.0000,30.5000,31.0000,31.5000,32.0000,32.5000
2026-10-04 21:37:41.718,1791146261.7185,1.6216,7,16.7153,28.7205,27.0594,1031.2763,15.4173,19.5677,31.0135,NaN,NaN,NaN,NaN,NaN,NaN,NaN,NaN,NaN,NaN,NaN,NaN,NaN,NaN,NaN,NaN,NaN,NaN,NaN,NaN,NaN,NaN,NaN,NaN,NaN,-334.4589,151.6150,62.9077,41469.3047,-427.3081,-260.2916,183.5541,NaN,NaN,NaN,NaN,NaN,NaN,NaN,NaN,NaN,NaN,NaN,NaN,NaN,NaN,NaN,NaN,NaN,NaN,NaN,NaN,NaN,NaN,NaN,NaN,NaN,25.0000,25.5000,26.0000,26.5000,27.0000,27.5000,28.0000,28.5000,29.0000,29.5000,30.0000,30.5000,31.0000,31.5000,32.0000,32.5000
2026-10-04 21:37:41.824,1791146261.8249,1.7281,7,16.5849,28.7129,27.1049,1031.1230,15.2831,19.6339,31.1046,NaN,NaN,NaN,NaN,NaN,NaN,NaN,NaN,NaN,NaN,NaN,NaN,NaN,NaN,NaN,NaN,NaN,NaN,NaN,NaN,NaN,NaN,NaN,NaN,NaN,-339.6755,151.3032,64.7600,41463.3047,-432.6760,-257.6428,187.2882,NaN,NaN,NaN,NaN,NaN,NaN,NaN,NaN,NaN,NaN,NaN,NaN,NaN,NaN,NaN,NaN,NaN,NaN,NaN,NaN,NaN,NaN,NaN,NaN,NaN,25.0000,25.5000,26.0000,26.5000,27.0000,27.5000,28.0000,28.5000,29.0000,29.5000,30.0000,30.5000,31.0000,31.5000,32.0000,32.5000
2026-10-04 21:37:41.930,1791146261.9308,1.8339,7,16.2830,28.6702,27.1548,1030.9801,15.2704,19.8189,31.2542,NaN,NaN,NaN,NaN,NaN,NaN,NaN,NaN,NaN,NaN,NaN,NaN,NaN,NaN,NaN,NaN,NaN,NaN,NaN,NaN,NaN,NaN,NaN,NaN,NaN,-351.7067,149.5536,66.7892,41457.7227,-433.1857,-250.2454,193.4223,NaN,NaN,NaN,NaN,NaN,NaN,NaN,NaN,NaN,NaN,NaN,NaN,NaN,NaN,NaN,NaN,NaN,NaN,NaN,NaN,NaN,NaN,NaN,NaN,NaN,25.0000,25.5000,26.0000,26.5000,27.0000,27.5000,28.0000,28.5000,29.0000,29.5000,30.0000,30.5000,31.0000,31.5000,32.0000,32.5000
2026-10-04 21:37:42.036,1791146262.0369,1.9400,7,16.2055,28.6973,27.1009,1030.8459,14.7194,19.7855,31.2941,NaN,NaN,NaN,NaN,NaN,NaN,NaN,NaN,NaN,NaN,NaN,NaN,NaN,NaN,NaN,NaN,NaN,NaN,NaN,NaN,NaN,NaN,NaN,NaN,NaN,-354.7974,150.6648,64.5938,41452.4805,-455.2231,-251.5789,195.0562,NaN,NaN,NaN,NaN,NaN,NaN,NaN,NaN,NaN,NaN,NaN,NaN,NaN,NaN,NaN,NaN,NaN,NaN,NaN,NaN,NaN,NaN,NaN,NaN,NaN,25.0000,25.5000,26.0000,26.5000,27.0000,27.5000,28.0000,28.5000,29.0000,29.5000,30.0000,30.5000,31.0000,31.5000,32.0000,32.5000
2026-10-04 21:37:42.143,1791146262.1431,2.0462,7,15.8693,28.7576,27.1426,1030.7218,14.6930,19.9432,31.0887,NaN,NaN,NaN,NaN,NaN,NaN,NaN,NaN,NaN,NaN,NaN,NaN,NaN,NaN,NaN,NaN,NaN,NaN,NaN,NaN,NaN,NaN,NaN,NaN,NaN,-368.2265,153.1320,66.2936,41447.6211,-456.2784,-245.2700,186.6360,NaN,NaN,NaN,NaN,NaN,NaN,NaN,NaN,NaN,NaN,NaN,NaN,NaN,NaN,NaN,NaN,NaN,NaN,NaN,NaN,NaN,NaN,NaN,NaN,NaN,25.0000,25.5000,26.0000,26.5000,27.0000,27.5000,28.0000,28.5000,29.0000,29.5000,30.0000,30.5000,31.0000,31.5000,32.0000,32.5000
2026-10-04 21:37:42.249,1791146262.2497,2.1528,7,15.7677,28.7481,27.2522,1030.6071,14.3924,20.1061,31.4125,NaN,NaN,NaN,NaN,NaN,NaN,NaN,NaN,NaN,NaN,NaN,NaN,NaN,NaN,NaN,NaN,NaN,NaN,NaN,NaN,NaN,NaN,NaN,NaN,NaN,-372.2926,152.7429,70.7670,41443.1289,-468.3057,-238.7607,199.9128,NaN,NaN,NaN,NaN,NaN,NaN,NaN,NaN,NaN,NaN,NaN,NaN,NaN,NaN,NaN,NaN,NaN,NaN,NaN,NaN,NaN,NaN,NaN,NaN,NaN,25.0000,25.5000,26.0000,26.5000,27.0000,27.5000,28.0000,28.5000,29.0000,29.5000,30.0000,30.5000,31.0000,31.5000,32.0000,32.5000
2026-10-04 21:37:42.357,1791146262.3579,2.2610,7,15.5941,28.6094,27.3781,1030.5002,14.3893,20.3770,31.5828,NaN,NaN,NaN,NaN,NaN,NaN,NaN,NaN,NaN,NaN,NaN,NaN,NaN,NaN,NaN,NaN,NaN,NaN,NaN,NaN,NaN,NaN,NaN,NaN,NaN,-379.2379,147.0604,75.9278,41438.9453,-468.4283,-227.9646,206.8930,NaN,NaN,NaN,NaN,NaN,NaN,NaN,NaN,NaN,NaN,NaN,NaN,NaN,NaN,NaN,NaN,NaN,NaN,NaN,NaN,NaN,NaN,NaN,NaN,NaN,25.0000,25.5000,26.0000,26.5000,27.0000,27.5000,28.0000,28.5000,29.0000,29.5000,30.0000,30.5000,31.0000,31.5000,32.0000,32.5000
2026-10-04 21:37:42.465,1791146262.4660,2.3691,8,15.2640,28.5948,27.3598,1030.4042,14.0336,20.4269,31.5366,31.2177,NaN,NaN,NaN,NaN,NaN,NaN,NaN,NaN,NaN,NaN,NaN,NaN,NaN,NaN,NaN,NaN,NaN,NaN,NaN,NaN,NaN,NaN,NaN,NaN,-392.4397,146.4610,75.1762,41435.1914,-482.6561,-225.9760,204.9989,191.9241,NaN,NaN,NaN,NaN,NaN,NaN,NaN,NaN,NaN,NaN,NaN,NaN,NaN,NaN,NaN,NaN,NaN,NaN,NaN,NaN,NaN,NaN,NaN,NaN,25.0000,25.5000,26.0000,26.5000,27.0000,27.5000,28.0000,28.5000,29.0000,29.5000,30.0000,30.5000,31.0000,31.5000,32.0000,32.5000
2026-10-04 21:37:42.572,1791146262.5723,2.4755,8,15.0190,28.5609,27.2494,1030.3193,13.8565,20.5682,31.7582,31.1566,NaN,NaN,NaN,NaN,NaN,NaN,NaN,NaN,NaN,NaN,NaN,NaN,NaN,NaN,NaN,NaN,NaN,NaN,NaN,NaN,NaN,NaN,NaN,NaN,-402.2398,145.0654,70.6546,41431.8789,-489.7397,-220.3411,214.0842,189.4212,NaN,NaN,NaN,NaN,NaN,NaN,NaN,NaN,NaN,NaN,NaN,NaN,NaN,NaN,NaN,NaN,NaN,NaN,NaN,NaN,NaN,NaN,NaN,NaN,25.0000,25.5000,26.0000,26.5000,27.0000,27.5000,28.0000,28.5000,29.0000,29.5000,30.0000,30.5000,31.0000,31.5000,32.0000,32.5000
2026-10-04 21:37:42.680,1791146262.6806,2.5837,8,15.0561,28.6448,27.3313,1030.2432,13.6750,20.7978,31.8198,31.4013,NaN,NaN,NaN,NaN,NaN,NaN,NaN,NaN,NaN,NaN,NaN,NaN,NaN,NaN,NaN,NaN,NaN,NaN,NaN,NaN,NaN,NaN,NaN,NaN,-400.7560,148.5116,74.0061,41428.9141,-497.0007,-211.1509,216.6111,199.4530,NaN,NaN,NaN,NaN,NaN,NaN,NaN,NaN,NaN,NaN,NaN,NaN,NaN,NaN,NaN,NaN,NaN,NaN,NaN,NaN,NaN,NaN,NaN,NaN,25.0000,25.5000,26.0000,26.5000,27.0000,27.5000,28.0000,28.5000,29.0000,29.5000,30.0000,30.5000,31.0000,31.5000,32.0000,32.5000
2026-10-04 21:37:42.788,1791146262.7881,2.6913,8,14.6576,28.4272,27.2434,1030.1778,13.5690,20.8518,31.9402,31.4659,NaN,NaN,NaN,NaN,NaN,NaN,NaN,NaN,NaN,NaN,NaN,NaN,NaN,NaN,NaN,NaN,NaN,NaN,NaN,NaN,NaN,NaN,NaN,NaN,-416.6942,139.5695,70.4078,41426.3750,-501.2384,-208.9793,221.5494,202.1014,NaN,NaN,NaN,NaN,NaN,NaN,NaN,NaN,NaN,NaN,NaN,NaN,NaN,NaN,NaN,NaN,NaN,NaN,NaN,NaN,NaN,NaN,NaN,NaN,25.0000,25.5000,26.0000,26.5000,27.0000,27.5000,28.0000,28.5000,29.0000,29.5000,30.0000,30.5000,31.0000,31.5000,32.0000,32.5000
2026-10-04 21:37:42.895,1791146262.8952,2.7983,8,14.4914,28.6339,27.3108,1030.1226,13.3293,21.1554,32.1159,31.3857,NaN,NaN,NaN,NaN,NaN,NaN,NaN,NaN,NaN,NaN,NaN,NaN,NaN,NaN,NaN,NaN,NaN,NaN,NaN,NaN,NaN,NaN,NaN,NaN,-423.3430,148.0628,73.1671,41424.2344,-510.8273,-196.6736,228.7568,198.8145,NaN,NaN,NaN,NaN,NaN,NaN,NaN,NaN,NaN,NaN,NaN,NaN,NaN,NaN,NaN,NaN,NaN,NaN,NaN,NaN,NaN,NaN,NaN,NaN,25.0000,25.5000,26.0000,26.5000,27.0000,27.5000,28.0000,28.5000,29.0000,29.5000,30.0000,30.5000,31.0000,31.5000,32.0000,32.5000
2026-10-04 21:37:43.001,1791146263.0017,2.9048,8,14.4623,28.5248,27.2849,1030.0782,13.1058,21.1851,32.0362,31.4562,NaN,NaN,NaN,NaN,NaN,NaN,NaN,NaN,NaN,NaN,NaN,NaN,NaN,NaN,NaN,NaN,NaN,NaN,NaN,NaN,NaN,NaN,NaN,NaN,-424.5089,143.5836,72.1059,41422.5156,-519.7686,-195.4582,225.4861,201.7032,NaN,NaN,NaN,NaN,NaN,NaN,NaN,NaN,NaN,NaN,NaN,NaN,NaN,NaN,NaN,NaN,NaN,NaN,NaN,NaN,NaN,NaN,NaN,NaN,25.0000,25.5000,26.0000,26.5000,27.0000,27.5000,28.0000,28.5000,29.0000,29.5000,30.0000,30.5000,31.0000,31.5000,32.0000,32.5000
2026-10-04 21:37:43.108,1791146263.1084,3.0115,8,14.1664,28.7792,27.1605,1030.0435,12.8468,21.3846,32.3865,31.5567,NaN,NaN,NaN,NaN,NaN,NaN,NaN,NaN,NaN,NaN,NaN,NaN,NaN,NaN,NaN,NaN,NaN,NaN,NaN,NaN,NaN,NaN,NaN,NaN,-436.3427,154.0149,67.0219,41421.1758,-530.1274,-187.2604,239.8934,205.8266,NaN,NaN,NaN,NaN,NaN,NaN,NaN,NaN,NaN,NaN,NaN,NaN,NaN,NaN,NaN,NaN,NaN,NaN,NaN,NaN,NaN,NaN,NaN,NaN,25.0000,25.5000,26.0000,26.5000,27.0000,27.5000,28.0000,28.5000,29.0000,29.5000,30.0000,30.5000,31.0000,31.5000,32.0000,32.5000
2026-10-04 21:37:43.215,1791146263.2159,3.1191,8,13.8489,28.8243,27.1050,1030.0187,12.7437,21.7625,32.5254,31.6239,NaN,NaN,NaN,NaN,NaN,NaN,NaN,NaN,NaN,NaN,NaN,NaN,NaN,NaN,NaN,NaN,NaN,NaN,NaN,NaN,NaN,NaN,NaN,NaN,-449.0443,155.8559,64.7606,41420.2188,-534.2529,-171.6904,245.6062,208.5813,NaN,NaN,NaN,NaN,NaN,NaN,NaN,NaN,NaN,NaN,NaN,NaN,NaN,NaN,NaN,NaN,NaN,NaN,NaN,NaN,NaN,NaN,NaN,NaN,25.0000,25.5000,26.0000,26.5000,27.0000,27.5000,28.0000,28.5000,29.0000,29.5000,30.0000,30.5000,31.0000,31.5000,32.0000,32.5000
2026-10-04 21:37:43.322,1791146263.3223,3.2255,8,13.9309,28.7794,27.0120,1030.0044,12.4422,21.9132,32.5531,31.7185,NaN,NaN,NaN,NaN,NaN,NaN,NaN,NaN,NaN,NaN,NaN,NaN,NaN,NaN,NaN,NaN,NaN,NaN,NaN,NaN,NaN,NaN,NaN,NaN,-445.7641,154.0232,60.9875,41419.6680,-546.3134,-165.5250,246.7456,212.4570,NaN,NaN,NaN,NaN,NaN,NaN,NaN,NaN,NaN,NaN,NaN,NaN,NaN,NaN,NaN,NaN,NaN,NaN,NaN,NaN,NaN,NaN,NaN,NaN,25.0000,25.5000,26.0000,26.5000,27.0000,27.5000,28.0000,28.5000,29.0000,29.5000,30.0000,30.5000,31.0000,31.5000,32.0000,32.5000
2026-10-04 21:37:43.429,1791146263.4290,3.3321,8,13.6353,28.7927,27.0207,1030.0000,12.4677,22.0629,32.7921,31.6807,NaN,NaN,NaN,NaN,NaN,NaN,NaN,NaN,NaN,NaN,NaN,NaN,NaN,NaN,NaN,NaN,NaN,NaN,NaN,NaN,NaN,NaN,NaN,NaN,-457.5884,154.5683,61.3387,41419.5000,-545.2911,-159.4571,256.5404,210.9073,NaN,NaN,NaN,NaN,NaN,NaN,NaN,NaN,NaN,NaN,NaN,NaN,NaN,NaN,NaN,NaN,NaN,NaN,NaN,NaN,NaN,NaN,NaN,NaN,25.0000,25.5000,26.0000,26.5000,27.0000,27.5000,28.0000,28.5000,29.0000,29.5000,30.0000,30.5000,31.0000,31.5000,32.0000,32.5000
2026-10-04 21:37:43.536,1791146263.5364,3.4395,8,13.2333,28.8836,27.1357,1030.0059,12.3481,22.1305,32.9624,31.6270,NaN,NaN,NaN,NaN,NaN,NaN,NaN,NaN,NaN,NaN,NaN,NaN,NaN,NaN,NaN,NaN,NaN,NaN,NaN,NaN,NaN,NaN,NaN,NaN,-473.6693,158.2729,66.0145,41419.7266,-550.0752,-156.7381,263.4753,208.7089,NaN,NaN,NaN,NaN,NaN,NaN,NaN,NaN,NaN,NaN,NaN,NaN,NaN,NaN,NaN,NaN,NaN,NaN,NaN,NaN,NaN,NaN,NaN,NaN,25.0000,25.5000,26.0000,26.5000,27.0000,27.5000,28.0000,28.5000,29.0000,29.5000,30.0000,30.5000,31.0000,31.5000,32.0000,32.5000
2026-10-04 21:37:43.642,1791146263.6429,3.5461,8,13.1058,28.8629,26.8203,1030.0219,12.0844,22.2782,33.1295,31.8353,NaN,NaN,NaN,NaN,NaN,NaN,NaN,NaN,NaN,NaN,NaN,NaN,NaN,NaN,NaN,NaN,NaN,NaN,NaN,NaN,NaN,NaN,NaN,NaN,-478.7663,157.4323,53.2655,41420.3438,-560.6249,-150.8281,270.2208,217.2464,NaN,NaN,NaN,NaN,NaN,NaN,NaN,NaN,NaN,NaN,NaN,NaN,NaN,NaN,NaN,NaN,NaN,NaN,NaN,NaN,NaN,NaN,NaN,NaN,25.0000,25.5000,26.0000,26.5000,27.0000,27.5000,28.0000,28.5000,29.0000,29.5000,30.0000,30.5000,31.0000,31.5000,32.0000,32.5000
2026-10-04 21:37:43.749,1791146263.7492,3.6523,8,12.9940,29.1238,26.7111,1030.0478,11.8972,22.5014,33.2963,31.7669,NaN,NaN,NaN,NaN,NaN,NaN,NaN,NaN,NaN,NaN,NaN,NaN,NaN,NaN,NaN,NaN,NaN,NaN,NaN,NaN,NaN,NaN,NaN,NaN,-483.2394,167.9930,48.9016,41421.3438,-568.1135,-141.9443,276.8926,214.4414,NaN,NaN,NaN,NaN,NaN,NaN,NaN,NaN,NaN,NaN,NaN,NaN,NaN,NaN,NaN,NaN,NaN,NaN,NaN,NaN,NaN,NaN,NaN,NaN,25.0000,25.5000,26.0000,26.5000,27.0000,27.5000,28.0000,28.5000,29.0000,29.5000,30.0000,30.5000,31.0000,31.5000,32.0000,32.5000
2026-10-04 21:37:43.856,1791146263.8562,3.7593,8,12.7605,29.1503,26.7501,1030.0840,11.6269,23.0541,33.4844,31.8031,NaN,NaN,NaN,NaN,NaN,NaN,NaN,NaN,NaN,NaN,NaN,NaN,NaN,NaN,NaN,NaN,NaN,NaN,NaN,NaN,NaN,NaN,NaN,NaN,-492.5787,169.0541,50.4583,41422.7422,-578.9232,-119.8054,284.3779,215.9264,NaN,NaN,NaN,NaN,NaN,NaN,NaN,NaN,NaN,NaN,NaN,NaN,NaN,NaN,NaN,NaN,NaN,NaN,NaN,NaN,NaN,NaN,NaN,NaN,25.0000,25.5000,26.0000,26.5000,27.0000,27.5000,28.0000,28.5000,29.0000,29.5000,30.0000,30.5000,31.0000,31.5000,32.0000,32.5000
2026-10-04 21:37:43.962,1791146263.9630,3.8661,8,12.5033,29.2766,26.6742,1030.1303,11.6072,23.0556,33.6459,31.8788,NaN,NaN,NaN,NaN,NaN,NaN,NaN,NaN,NaN,NaN,NaN,NaN,NaN,NaN,NaN,NaN,NaN,NaN,NaN,NaN,NaN,NaN,NaN,NaN,-502.8670,174.1067,47.4313,41424.5312,-579.7116,-119.7421,290.8048,219.0292,NaN,NaN,NaN,NaN,NaN,NaN,NaN,NaN,NaN,NaN,NaN,NaN,NaN,NaN,NaN,NaN,NaN,NaN,NaN,NaN,NaN,NaN,NaN,NaN,25.0000,25.5000,26.0000,26.5000,27.0000,27.5000,28.0000,28.5000,29.0000,29.5000,30.0000,30.5000,31.0000,31.5000,32.0000,32.5000
2026-10-04 21:37:44.069,1791146264.0695,3.9727,8,12.5287,29.3142,26.4872,1030.1865,11.3098,23.2034,33.6630,31.8681,NaN,NaN,NaN,NaN,NaN,NaN,NaN,NaN,NaN,NaN,NaN,NaN,NaN,NaN,NaN,NaN,NaN,NaN,NaN,NaN,NaN,NaN,NaN,NaN,-501.8524,175.6055,39.9899,41426.7109,-591.6064,-113.7103,291.4850,218.5920,NaN,NaN,NaN,NaN,NaN,NaN,NaN,NaN,NaN,NaN,NaN,NaN,NaN,NaN,NaN,NaN,NaN,NaN,NaN,NaN,NaN,NaN,NaN,NaN,25.0000,25.5000,26.0000,26.5000,27.0000,27.5000,28.0000,28.5000,29.0000,29.5000,30.0000,30.5000,31.0000,31.5000,32.0000,32.5000
2026-10-04 21:37:44.178,1791146264.1786,4.0817,8,12.1376,29.2587,26.5301,1030.2542,11.1576,23.3719,33.9546,31.9285,NaN,NaN,NaN,NaN,NaN,NaN,NaN,NaN,NaN,NaN,NaN,NaN,NaN,NaN,NaN,NaN,NaN,NaN,NaN,NaN,NaN,NaN,NaN,NaN,-517.4976,173.3943,41.6979,41429.3438,-597.6946,-106.7845,303.1637,221.0701,NaN,NaN,NaN,NaN,NaN,NaN,NaN,NaN,NaN,NaN,NaN,NaN,NaN,NaN,NaN,NaN,NaN,NaN,NaN,NaN,NaN,NaN,NaN,NaN,25.0000,25.5000,26.0000,26.5000,27.0000,27.5000,28.0000,28.5000,29.0000,29.5000,30.0000,30.5000,31.0000,31.5000,32.0000,32.5000
2026-10-04 21:37:44.284,1791146264.2847,4.1878,8,12.1115,29.4270,26.3896,1030.3305,11.1897,23.4723,34.1264,31.8660,NaN,NaN,NaN,NaN,NaN,NaN,NaN,NaN,NaN,NaN,NaN,NaN,NaN,NaN,NaN,NaN,NaN,NaN,NaN,NaN,NaN,NaN,NaN,NaN,-518.5396,180.0963,36.1093,41432.3125,-596.4109,-102.6443,310.1333,218.5079,NaN,NaN,NaN,NaN,NaN,NaN,NaN,NaN,NaN,NaN,NaN,NaN,NaN,NaN,NaN,NaN,NaN,NaN,NaN,NaN,NaN,NaN,NaN,NaN,25.0000,25.5000,26.0000,26.5000,27.0000,27.5000,28.0000,28.5000,29.0000,29.5000,30.0000,30.5000,31.0000,31.5000,32.0000,32.5000
2026-10-04 21:37:44.392,1791146264.3922,4.2953,8,12.0067,29.6713,26.3378,1030.4175,11.0325,23.5478,34.3046,31.8656,NaN,NaN,NaN,NaN,NaN,NaN,NaN,NaN,NaN,NaN,NaN,NaN,NaN,NaN,NaN,NaN,NaN,NaN,NaN,NaN,NaN,NaN,NaN,NaN,-522.7325,189.8149,34.0491,41435.7109,-602.7004,-99.5287,317.4135,218.4899,NaN,NaN,NaN,NaN,NaN,NaN,NaN,NaN,NaN,NaN,NaN,NaN,NaN,NaN,NaN,NaN,NaN,NaN,NaN,NaN,NaN,NaN,NaN,NaN,25.0000,25.5000,26.0000,26.5000,27.0000,27.5000,28.0000,28.5000,29.0000,29.5000,30.0000,30.5000,31.0000,31.5000,32.0000,32.5000
2026-10-04 21:37:44.499,1791146264.4998,4.4029,8,11.8439,29.7130,26.1548,1030.5149,10.9059,23.8965,34.5097,31.9036,NaN,NaN,NaN,NaN,NaN,NaN,NaN,NaN,NaN,NaN,NaN,NaN,NaN,NaN,NaN,NaN,NaN,NaN,NaN,NaN,NaN,NaN,NaN,NaN,-529.2446,191.4761,26.7374,41439.5195,-607.7659,-85.2066,325.8345,220.0461,NaN,NaN,NaN,NaN,NaN,NaN,NaN,NaN,NaN,NaN,NaN,NaN,NaN,NaN,NaN,NaN,NaN,NaN,NaN,NaN,NaN,NaN,NaN,NaN,25.0000,25.5000,26.0000,26.5000,27.0000,27.5000,28.0000,28.5000,29.0000,29.5000,30.0000,30.5000,31.0000,31.5000,32.0000,32.5000
2026-10-04 21:37:44.606,1791146264.6066,4.5097,8,11.5944,29.7596,26.0488,1030.6215,10.5945,24.2692,34.6131,31.7002,NaN,NaN,NaN,NaN,NaN,NaN,NaN,NaN,NaN,NaN,NaN,NaN,NaN,NaN,NaN,NaN,NaN,NaN,NaN,NaN,NaN,NaN,NaN,NaN,-539.2225,193.3389,22.4743,41443.6914,-620.2215,-70.1855,330.0914,211.7076,NaN,NaN,NaN,NaN,NaN,NaN,NaN,NaN,NaN,NaN,NaN,NaN,NaN,NaN,NaN,NaN,NaN,NaN,NaN,NaN,NaN,NaN,NaN,NaN,25.0000,25.5000,26.0000,26.5000,27.0000,27.5000,28.0000,28.5000,29.0000,29.5000,30.0000,30.5000,31.0000,31.5000,32.0000,32.5000
2026-10-04 21:37:44.714,1791146264.7141,4.6172,8,11.4606,29.7536,25.9899,1030.7389,10.6208,24.2590,34.8463,31.7168,NaN,NaN,NaN,NaN,NaN,NaN,NaN,NaN,NaN,NaN,NaN,NaN,NaN,NaN,NaN,NaN,NaN,NaN,NaN,NaN,NaN,NaN,NaN,NaN,-544.5761,193.0997,20.0904,41448.2930,-619.1677,-70.5957,339.6897,212.3880,NaN,NaN,NaN,NaN,NaN,NaN,NaN,NaN,NaN,NaN,NaN,NaN,NaN,NaN,NaN,NaN,NaN,NaN,NaN,NaN,NaN,NaN,NaN,NaN,25.0000,25.5000,26.0000,26.5000,27.0000,27.5000,28.0000,28.5000,29.0000,29.5000,30.0000,30.5000,31.0000,31.5000,32.0000,32.5000
2026-10-04 21:37:44.820,1791146264.8207,4.7239,8,11.2434,30.0246,25.8417,1030.8648,10.6486,24.5035,35.0571,31.7044,NaN,NaN,NaN,NaN,NaN,NaN,NaN,NaN,NaN,NaN,NaN,NaN,NaN,NaN,NaN,NaN,NaN,NaN,NaN,NaN,NaN,NaN,NaN,NaN,-553.2655,203.9980,14.0545,41453.2188,-618.0546,-60.8624,348.3428,211.8797,NaN,NaN,NaN,NaN,NaN,NaN,NaN,NaN,NaN,NaN,NaN,NaN,NaN,NaN,NaN,NaN,NaN,NaN,NaN,NaN,NaN,NaN,NaN,NaN,25.0000,25.5000,26.0000,26.5000,27.0000,27.5000,28.0000,28.5000,29.0000,29.5000,30.0000,30.5000,31.0000,31.5000,32.0000,32.5000
2026-10-04 21:37:44.930,1791146264.9305,4.8336,8,11.1570,30.1211,25.6483,1031.0019,10.2438,24.6178,35.2126,31.6424,NaN,NaN,NaN,NaN,NaN,NaN,NaN,NaN,NaN,NaN,NaN,NaN,NaN,NaN,NaN,NaN,NaN,NaN,NaN,NaN,NaN,NaN,NaN,NaN,-556.7210,207.9191,6.1163,41458.5742,-634.2463,-56.3168,354.7177,209.3371,NaN,NaN,NaN,NaN,NaN,NaN,NaN,NaN,NaN,NaN,NaN,NaN,NaN,NaN,NaN,NaN,NaN,NaN,NaN,NaN,NaN,NaN,NaN,NaN,25.0000,25.5000,26.0000,26.5000,27.0000,27.5000,28.0000,28.5000,29.0000,29.5000,30.0000,30.5000,31.0000,31.5000,32.0000,32.5000
2026-10-04 21:37:45.034,1791146265.0350,4.9381,8,11.0268,30.2420,25.4320,1031.1479,9.9933,24.9583,35.5356,31.5102,NaN,NaN,NaN,NaN,NaN,NaN,NaN,NaN,NaN,NaN,NaN,NaN,NaN,NaN,NaN,NaN,NaN,NaN,NaN,NaN,NaN,NaN,NaN,NaN,-561.9286,212.8512,-2.8057,41464.2773,-644.2700,-42.6882,367.9595,203.9195,NaN,NaN,NaN,NaN,NaN,NaN,NaN,NaN,NaN,NaN,NaN,NaN,NaN,NaN,NaN,NaN,NaN,NaN,NaN,NaN,NaN,NaN,NaN,NaN,25.0000,25.5000,26.0000,26.5000,27.0000,27.5000,28.0000,28.5000,29.0000,29.5000,30.0000,30.5000,31.0000,31.5000,32.0000,32.5000
2026-10-04 21:37:45.141,1791146265.1417,5.0449,8,10.9253,30.4870,25.3469,1031.3024,10.1261,25.0369,35.6704,31.6238,NaN,NaN,NaN,NaN,NaN,NaN,NaN,NaN,NaN,NaN,NaN,NaN,NaN,NaN,NaN,NaN,NaN,NaN,NaN,NaN,NaN,NaN,NaN,NaN,-565.9873,222.9014,-6.3130,41470.3281,-638.9562,-39.5026,373.4875,208.5766,NaN,NaN,NaN,NaN,NaN,NaN,NaN,NaN,NaN,NaN,NaN,NaN,NaN,NaN,NaN,NaN,NaN,NaN,NaN,NaN,NaN,NaN,NaN,NaN,25.0000,25.5000,26.0000,26.5000,27.0000,27.5000,28.0000,28.5000,29.0000,29.5000,30.0000,30.5000,31.0000,31.5000,32.0000,32.5000
2026-10-04 21:37:45.247,1791146265.2471,5.1502,8,10.8003,30.6157,25.2151,1031.4655,10.1594,25.2842,35.8152,31.3758,NaN,NaN,NaN,NaN,NaN,NaN,NaN,NaN,NaN,NaN,NaN,NaN,NaN,NaN,NaN,NaN,NaN,NaN,NaN,NaN,NaN,NaN,NaN,NaN,-570.9872,228.1973,-11.7316,41476.7148,-637.6245,-29.3907,379.4249,198.4081,NaN,NaN,NaN,NaN,NaN,NaN,NaN,NaN,NaN,NaN,NaN,NaN,NaN,NaN,NaN,NaN,NaN,NaN,NaN,NaN,NaN,NaN,NaN,NaN,25.0000,25.5000,26.0000,26.5000,27.0000,27.5000,28.0000,28.5000,29.0000,29.5000,30.0000,30.5000,31.0000,31.5000,32.0000,32.5000
2026-10-04 21:37:45.353,1791146265.3539,5.2570,8,10.6301,30.6488,25.0697,1031.6395,10.0325,25.3771,36.0539,31.4291,NaN,NaN,NaN,NaN,NaN,NaN,NaN,NaN,NaN,NaN,NaN,NaN,NaN,NaN,NaN,NaN,NaN,NaN,NaN,NaN,NaN,NaN,NaN,NaN,-577.7976,229.5605,-17.6698,41483.5156,-642.6983,-25.5691,389.2119,200.5934,NaN,NaN,NaN,NaN,NaN,NaN,NaN,NaN,NaN,NaN,NaN,NaN,NaN,NaN,NaN,NaN,NaN,NaN,NaN,NaN,NaN,NaN,NaN,NaN,25.0000,25.5000,26.0000,26.5000,27.0000,27.5000,28.0000,28.5000,29.0000,29.5000,30.0000,30.5000,31.0000,31.5000,32.0000,32.5000
2026-10-04 21:37:45.460,1791146265.4603,5.3634,8,10.3364,30.8505,24.9319,1031.8246,9.9038,25.7849,36.1672,31.1992,NaN,NaN,NaN,NaN,NaN,NaN,NaN,NaN,NaN,NaN,NaN,NaN,NaN,NaN,NaN,NaN,NaN,NaN,NaN,NaN,NaN,NaN,NaN,NaN,-589.5447,237.8607,-23.2526,41490.7188,-647.8463,-8.7682,393.8568,191.1692,NaN,NaN,NaN,NaN,NaN,NaN,NaN,NaN,NaN,NaN,NaN,NaN,NaN,NaN,NaN,NaN,NaN,NaN,NaN,NaN,NaN,NaN,NaN,NaN,25.0000,25.5000,26.0000,26.5000,27.0000,27.5000,28.0000,28.5000,29.0000,29.5000,30.0000,30.5000,31.0000,31.5000,32.0000,32.5000
2026-10-04 21:37:45.567,1791146265.5676,5.4707,8,10.4028,31.0613,24.7306,1032.0177,9.8344,25.9175,36.4702,31.2656,NaN,NaN,NaN,NaN,NaN,NaN,NaN,NaN,NaN,NaN,NaN,NaN,NaN,NaN,NaN,NaN,NaN,NaN,NaN,NaN,NaN,NaN,NaN,NaN,-586.8884,246.5149,-31.3201,41498.1797,-650.6240,-3.3503,406.2787,193.8892,NaN,NaN,NaN,NaN,NaN,NaN,NaN,NaN,NaN,NaN,NaN,NaN,NaN,NaN,NaN,NaN,NaN,NaN,NaN,NaN,NaN,NaN,NaN,NaN,25.0000,25.5000,26.0000,26.5000,27.0000,27.5000,28.0000,28.5000,29.0000,29.5000,30.0000,30.5000,31.0000,31.5000,32.0000,32.5000
2026-10-04 21:37:45.675,1791146265.6751,5.5782,8,10.2548,31.1735,24.5515,1032.2221,9.5412,26.1663,36.6798,31.0944,NaN,NaN,NaN,NaN,NaN,NaN,NaN,NaN,NaN,NaN,NaN,NaN,NaN,NaN,NaN,NaN,NaN,NaN,NaN,NaN,NaN,NaN,NaN,NaN,-592.8099,251.1129,-38.4535,41505.9883,-662.3525,6.6977,414.8724,186.8691,NaN,NaN,NaN,NaN,NaN,NaN,NaN,NaN,NaN,NaN,NaN,NaN,NaN,NaN,NaN,NaN,NaN,NaN,NaN,NaN,NaN,NaN,NaN,NaN,25.0000,25.5000,26.0000,26.5000,27.0000,27.5000,28.0000,28.5000,29.0000,29.5000,30.0000,30.5000,31.0000,31.5000,32.0000,32.5000
2026-10-04 21:37:45.782,1791146265.7824,5.6855,8,10.1496,31.3499,24.5096,1032.4359,9.6376,26.2318,36.7241,30.9464,NaN,NaN,NaN,NaN,NaN,NaN,NaN,NaN,NaN,NaN,NaN,NaN,NaN,NaN,NaN,NaN,NaN,NaN,NaN,NaN,NaN,NaN,NaN,NaN,-597.0148,258.3474,-40.1170,41514.0781,-658.4955,9.3174,416.6899,180.8003,NaN,NaN,NaN,NaN,NaN,NaN,NaN,NaN,NaN,NaN,NaN,NaN,NaN,NaN,NaN,NaN,NaN,NaN,NaN,NaN,NaN,NaN,NaN,NaN,25.0000,25.5000,26.0000,26.5000,27.0000,27.5000,28.0000,28.5000,29.0000,29.5000,30.0000,30.5000,31.0000,31.5000,32.0000,32.5000
2026-10-04 21:37:45.890,1791146265.8903,5.7934,8,10.0859,31.5216,24.2776,1032.6592,9.7325,26.5422,37.0891,30.9709,NaN,NaN,NaN,NaN,NaN,NaN,NaN,NaN,NaN,NaN,NaN,NaN,NaN,NaN,NaN,NaN,NaN,NaN,NaN,NaN,NaN,NaN,NaN,NaN,-599.5654,265.3839,-49.3504,41522.5156,-654.7003,21.6782,431.6531,181.8050,NaN,NaN,NaN,NaN,NaN,NaN,NaN,NaN,NaN,NaN,NaN,NaN,NaN,NaN,NaN,NaN,NaN,NaN,NaN,NaN,NaN,NaN,NaN,NaN,25.0000,25.5000,26.0000,26.5000,27.0000,27.5000,28.0000,28.5000,29.0000,29.5000,30.0000,30.5000,31.0000,31.5000,32.0000,32.5000
2026-10-04 21:37:45.996,1791146265.9962,5.8993,8,9.8282,31.8892,24.0379,1032.8878,9.4984,26.5600,37.1555,30.9532,NaN,NaN,NaN,NaN,NaN,NaN,NaN,NaN,NaN,NaN,NaN,NaN,NaN,NaN,NaN,NaN,NaN,NaN,NaN,NaN,NaN,NaN,NaN,NaN,-609.8705,280.4559,-58.9659,41531.1992,-664.0627,22.3860,434.3763,181.0821,NaN,NaN,NaN,NaN,NaN,NaN,NaN,NaN,NaN,NaN,NaN,NaN,NaN,NaN,NaN,NaN,NaN,NaN,NaN,NaN,NaN,NaN,NaN,NaN,25.0000,25.5000,26.0000,26.5000,27.0000,27.5000,28.0000,28.5000,29.0000,29.5000,30.0000,30.5000,31.0000,31.5000,32.0000,32.5000
2026-10-04 21:37:46.102,1791146266.1028,6.0059,8,9.9260,31.9294,23.9201,1033.1267,9.5255,27.0125,37.4153,30.6840,NaN,NaN,NaN,NaN,NaN,NaN,NaN,NaN,NaN,NaN,NaN,NaN,NaN,NaN,NaN,NaN,NaN,NaN,NaN,NaN,NaN,NaN,NaN,NaN,-605.9606,282.1067,-63.7433,41540.3984,-662.9782,40.5073,445.0284,170.0101,NaN,NaN,NaN,NaN,NaN,NaN,NaN,NaN,NaN,NaN,NaN,NaN,NaN,NaN,NaN,NaN,NaN,NaN,NaN,NaN,NaN,NaN,NaN,NaN,25.0000,25.5000,26.0000,26.5000,27.0000,27.5000,28.0000,28.5000,29.0000,29.5000,30.0000,30.5000,31.0000,31.5000,32.0000,32.5000
2026-10-04 21:37:46.209,1791146266.2097,6.1129,8,9.9265,32.0850,23.6804,1033.3752,9.4583,27.0773,37.6839,30.4754,NaN,NaN,NaN,NaN,NaN,NaN,NaN,NaN,NaN,NaN,NaN,NaN,NaN,NaN,NaN,NaN,NaN,NaN,NaN,NaN,NaN,NaN,NaN,NaN,-605.9420,288.4894,-73.5655,41550.1016,-665.6673,43.1358,456.0405,161.4251,NaN,NaN,NaN,NaN,NaN,NaN,NaN,NaN,NaN,NaN,NaN,NaN,NaN,NaN,NaN,NaN,NaN,NaN,NaN,NaN,NaN,NaN,NaN,NaN,25.0000,25.5000,26.0000,26.5000,27.0000,27.5000,28.0000,28.5000,29.0000,29.5000,30.0000,30.5000,31.0000,31.5000,32.0000,32.5000
2026-10-04 21:37:46.317,1791146266.3174,6.2205,8,9.7311,32.2267,23.5314,1033.6338,9.4228,27.2749,37.8216,30.3097,NaN,NaN,NaN,NaN,NaN,NaN,NaN,NaN,NaN,NaN,NaN,NaN,NaN,NaN,NaN,NaN,NaN,NaN,NaN,NaN,NaN,NaN,NaN,NaN,-613.7553,294.3131,-79.7033,41560.2500,-667.0886,51.1994,461.6836,154.6214,NaN,NaN,NaN,NaN,NaN,NaN,NaN,NaN,NaN,NaN,NaN,NaN,NaN,NaN,NaN,NaN,NaN,NaN,NaN,NaN,NaN,NaN,NaN,NaN,25.0000,25.5000,26.0000,26.5000,27.0000,27.5000,28.0000,28.5000,29.0000,29.5000,30.0000,30.5000,31.0000,31.5000,32.0000,32.5000
2026-10-04 21:37:46.425,1791146266.4258,6.3290,8,9.7216,32.2985,23.1905,1033.9033,9.4596,27.3876,38.1305,30.2802,NaN,NaN,NaN,NaN,NaN,NaN,NaN,NaN,NaN,NaN,NaN,NaN,NaN,NaN,NaN,NaN,NaN,NaN,NaN,NaN,NaN,NaN,NaN,NaN,-614.1376,297.2693,-93.7394,41570.7656,-665.6177,55.8169,474.3510,153.4160,NaN,NaN,NaN,NaN,NaN,NaN,NaN,NaN,NaN,NaN,NaN,NaN,NaN,NaN,NaN,NaN,NaN,NaN,NaN,NaN,NaN,NaN,NaN,NaN,25.0000,25.5000,26.0000,26.5000,27.0000,27.5000,28.0000,28.5000,29.0000,29.5000,30.0000,30.5000,31.0000,31.5000,32.0000,32.5000
2026-10-04 21:37:46.533,1791146266.5332,6.4363,8,9.6271,32.4770,23.1653,1034.1791,9.3848,27.5445,38.3338,30.3024,NaN,NaN,NaN,NaN,NaN,NaN,NaN,NaN,NaN,NaN,NaN,NaN,NaN,NaN,NaN,NaN,NaN,NaN,NaN,NaN,NaN,NaN,NaN,NaN,-617.9172,304.6165,-94.7678,41581.3516,-668.6070,62.2652,482.6877,154.3235,NaN,NaN,NaN,NaN,NaN,NaN,NaN,NaN,NaN,NaN,NaN,NaN,NaN,NaN,NaN,NaN,NaN,NaN,NaN,NaN,NaN,NaN,NaN,NaN,25.0000,25.5000,26.0000,26.5000,27.0000,27.5000,28.0000,28.5000,29.0000,29.5000,30.0000,30.5000,31.0000,31.5000,32.0000,32.5000
2026-10-04 21:37:46.640,1791146266.6401,6.5432,8,9.5752,32.6668,22.9926,1034.4624,9.2389,27.7520,38.3620,30.0257,NaN,NaN,NaN,NaN,NaN,NaN,NaN,NaN,NaN,NaN,NaN,NaN,NaN,NaN,NaN,NaN,NaN,NaN,NaN,NaN,NaN,NaN,NaN,NaN,-619.9935,312.4161,-101.7980,41592.0820,-674.4445,70.8083,483.8429,143.0421,NaN,NaN,NaN,NaN,NaN,NaN,NaN,NaN,NaN,NaN,NaN,NaN,NaN,NaN,NaN,NaN,NaN,NaN,NaN,NaN,NaN,NaN,NaN,NaN,25.0000,25.5000,26.0000,26.5000,27.0000,27.5000,28.0000,28.5000,29.0000,29.5000,30.0000,30.5000,31.0000,31.5000,32.0000,32.5000
2026-10-04 21:37:46.748,1791146266.7484,6.6515,8,9.4655,33.0533,22.6793,1034.7575,9.3718,27.7565,38.5445,29.9015,NaN,NaN,NaN,NaN,NaN,NaN,NaN,NaN,NaN,NaN,NaN,NaN,NaN,NaN,NaN,NaN,NaN,NaN,NaN,NaN,NaN,NaN,NaN,NaN,-624.3805,328.1537,-114.3645,41603.2383,-669.1271,70.9954,491.3254,138.0235,NaN,NaN,NaN,NaN,NaN,NaN,NaN,NaN,NaN,NaN,NaN,NaN,NaN,NaN,NaN,NaN,NaN,NaN,NaN,NaN,NaN,NaN,NaN,NaN,25.0000,25.5000,26.0000,26.5000,27.0000,27.5000,28.0000,28.5000,29.0000,29.5000,30.0000,30.5000,31.0000,31.5000,32.0000,32.5000
2026-10-04 21:37:46.856,1791146266.8561,6.7593,8,9.4465,33.3184,22.5398,1035.0594,9.3757,28.0508,38.8996,29.6857,NaN,NaN,NaN,NaN,NaN,NaN,NaN,NaN,NaN,NaN,NaN,NaN,NaN,NaN,NaN,NaN,NaN,NaN,NaN,NaN,NaN,NaN,NaN,NaN,-625.1406,338.7740,-119.9168,41614.7891,-668.9722,83.0859,505.8833,129.3869,NaN,NaN,NaN,NaN,NaN,NaN,NaN,NaN,NaN,NaN,NaN,NaN,NaN,NaN,NaN,NaN,NaN,NaN,NaN,NaN,NaN,NaN,NaN,NaN,25.0000,25.5000,26.0000,26.5000,27.0000,27.5000,28.0000,28.5000,29.0000,29.5000,30.0000,30.5000,31.0000,31.5000,32.0000,32.5000
2026-10-04 21:37:46.963,1791146266.9637,6.8668,8,9.6033,33.2681,22.2386,1035.3704,9.3457,28.2398,39.0415,29.5307,NaN,NaN,NaN,NaN,NaN,NaN,NaN,NaN,NaN,NaN,NaN,NaN,NaN,NaN,NaN,NaN,NaN,NaN,NaN,NaN,NaN,NaN,NaN,NaN,-618.8683,336.7701,-131.9103,41626.8711,-670.1713,90.8549,511.6999,123.2201,NaN,NaN,NaN,NaN,NaN,NaN,NaN,NaN,NaN,NaN,NaN,NaN,NaN,NaN,NaN,NaN,NaN,NaN,NaN,NaN,NaN,NaN,NaN,NaN,25.0000,25.5000,26.0000,26.5000,27.0000,27.5000,28.0000,28.5000,29.0000,29.5000,30.0000,30.5000,31.0000,31.5000,32.0000,32.5000
2026-10-04 21:37:47.069,1791146267.0698,6.9729,8,9.4472,33.7529,22.1003,1035.6831,9.4066,28.3996,39.1806,29.5511,NaN,NaN,NaN,NaN,NaN,NaN,NaN,NaN,NaN,NaN,NaN,NaN,NaN,NaN,NaN,NaN,NaN,NaN,NaN,NaN,NaN,NaN,NaN,NaN,-625.1133,356.0711,-137.4508,41639.1055,-667.7362,97.4324,517.4047,124.0317,NaN,NaN,NaN,NaN,NaN,NaN,NaN,NaN,NaN,NaN,NaN,NaN,NaN,NaN,NaN,NaN,NaN,NaN,NaN,NaN,NaN,NaN,NaN,NaN,25.0000,25.5000,26.0000,26.5000,27.0000,27.5000,28.0000,28.5000,29.0000,29.5000,30.0000,30.5000,31.0000,31.5000,32.0000,32.5000
2026-10-04 21:37:47.177,1791146267.1780,7.0811,8,9.4849,33.8752,21.8378,1036.0111,9.2743,28.5964,39.4218,29.2471,NaN,NaN,NaN,NaN,NaN,NaN,NaN,NaN,NaN,NaN,NaN,NaN,NaN,NaN,NaN,NaN,NaN,NaN,NaN,NaN,NaN,NaN,NaN,NaN,-623.6053,360.9663,-148.1018,41651.9336,-673.0264,105.5268,527.2924,111.9306,NaN,NaN,NaN,NaN,NaN,NaN,NaN,NaN,NaN,NaN,NaN,NaN,NaN,NaN,NaN,NaN,NaN,NaN,NaN,NaN,NaN,NaN,NaN,NaN,25.0000,25.5000,26.0000,26.5000,27.0000,27.5000,28.0000,28.5000,29.0000,29.5000,30.0000,30.5000,31.0000,31.5000,32.0000,32.5000
2026-10-04 21:37:47.284,1791146267.2843,7.1874,8,9.3026,34.0517,21.6949,1036.3407,9.4050,28.6040,39.5012,29.0632,NaN,NaN,NaN,NaN,NaN,NaN,NaN,NaN,NaN,NaN,NaN,NaN,NaN,NaN,NaN,NaN,NaN,NaN,NaN,NaN,NaN,NaN,NaN,NaN,-630.8952,368.0955,-153.9683,41664.8281,-667.7997,105.8372,530.5477,104.5525,NaN,NaN,NaN,NaN,NaN,NaN,NaN,NaN,NaN,NaN,NaN,NaN,NaN,NaN,NaN,NaN,NaN,NaN,NaN,NaN,NaN,NaN,NaN,NaN,25.0000,25.5000,26.0000,26.5000,27.0000,27.5000,28.0000,28.5000,29.0000,29.5000,30.0000,30.5000,31.0000,31.5000,32.0000,32.5000
2026-10-04 21:37:47.390,1791146267.3909,7.2941,8,9.5512,34.2026,21.4668,1036.6791,9.3069,28.8381,39.6652,28.9573,NaN,NaN,NaN,NaN,NaN,NaN,NaN,NaN,NaN,NaN,NaN,NaN,NaN,NaN,NaN,NaN,NaN,NaN,NaN,NaN,NaN,NaN,NaN,NaN,-620.9522,374.2429,-163.3678,41678.0586,-671.7230,115.4177,537.2712,100.2695,NaN,NaN,NaN,NaN,NaN,NaN,NaN,NaN,NaN,NaN,NaN,NaN,NaN,NaN,NaN,NaN,NaN,NaN,NaN,NaN,NaN,NaN,NaN,NaN,25.0000,25.5000,26.0000,26.5000,27.0000,27.5000,28.0000,28.5000,29.0000,29.5000,30.0000,30.5000,31.0000,31.5000,32.0000,32.5000
2026-10-04 21:37:47.497,1791146267.4978,7.4009,8,9.3798,34.4641,21.2704,1037.0246,9.5328,28.8419,39.9674,28.7530,NaN,NaN,NaN,NaN,NaN,NaN,NaN,NaN,NaN,NaN,NaN,NaN,NaN,NaN,NaN,NaN,NaN,NaN,NaN,NaN,NaN,NaN,NaN,NaN,-627.8083,384.9586,-171.4578,41691.4453,-662.6887,115.5726,549.6640,91.9421,NaN,NaN,NaN,NaN,NaN,NaN,NaN,NaN,NaN,NaN,NaN,NaN,NaN,NaN,NaN,NaN,NaN,NaN,NaN,NaN,NaN,NaN,NaN,NaN,25.0000,25.5000,26.0000,26.5000,27.0000,27.5000,28.0000,28.5000,29.0000,29.5000,30.0000,30.5000,31.0000,31.5000,32.0000,32.5000
2026-10-04 21:37:47.605,1791146267.6052,7.5083,8,9.4310,34.6378,21.1783,1037.3798,9.4334,29.1358,40.0217,28.5400,NaN,NaN,NaN,NaN,NaN,NaN,NaN,NaN,NaN,NaN,NaN,NaN,NaN,NaN,NaN,NaN,NaN,NaN,NaN,NaN,NaN,NaN,NaN,NaN,-625.7603,392.1088,-175.2389,41704.9609,-666.6625,127.4752,551.8908,83.2076,NaN,NaN,NaN,NaN,NaN,NaN,NaN,NaN,NaN,NaN,NaN,NaN,NaN,NaN,NaN,NaN,NaN,NaN,NaN,NaN,NaN,NaN,NaN,NaN,25.0000,25.5000,26.0000,26.5000,27.0000,27.5000,28.0000,28.5000,29.0000,29.5000,30.0000,30.5000,31.0000,31.5000,32.0000,32.5000
2026-10-04 21:37:47.712,1791146267.7124,7.6155,8,9.5783,34.8373,20.9270,1037.7429,9.5207,29.2636,40.2826,28.3128,NaN,NaN,NaN,NaN,NaN,NaN,NaN,NaN,NaN,NaN,NaN,NaN,NaN,NaN,NaN,NaN,NaN,NaN,NaN,NaN,NaN,NaN,NaN,NaN,-619.8674,400.3174,-185.4511,41718.6836,-663.1738,132.5882,562.5879,73.8609,NaN,NaN,NaN,NaN,NaN,NaN,NaN,NaN,NaN,NaN,NaN,NaN,NaN,NaN,NaN,NaN,NaN,NaN,NaN,NaN,NaN,NaN,NaN,NaN,25.0000,25.5000,26.0000,26.5000,27.0000,27.5000,28.0000,28.5000,29.0000,29.5000,30.0000,30.5000,31.0000,31.5000,32.0000,32.5000
2026-10-04 21:37:47.817,1791146267.8179,7.7211,8,9.4622,35.1695,20.7829,1038.1065,9.6490,29.3140,40.5055,28.1474,NaN,NaN,NaN,NaN,NaN,NaN,NaN,NaN,NaN,NaN,NaN,NaN,NaN,NaN,NaN,NaN,NaN,NaN,NaN,NaN,NaN,NaN,NaN,NaN,-624.5114,413.9476,-191.2488,41732.6172,-658.0396,134.5976,571.7275,67.0517,NaN,NaN,NaN,NaN,NaN,NaN,NaN,NaN,NaN,NaN,NaN,NaN,NaN,NaN,NaN,NaN,NaN,NaN,NaN,NaN,NaN,NaN,NaN,NaN,25.0000,25.5000,26.0000,26.5000,27.0000,27.5000,28.0000,28.5000,29.0000,29.5000,30.0000,30.5000,31.0000,31.5000,32.0000,32.5000
2026-10-04 21:37:47.925,1791146267.9252,7.8283,8,9.3528,35.2057,20.5454,1038.4813,9.6190,29.3209,40.6015,27.8713,NaN,NaN,NaN,NaN,NaN,NaN,NaN,NaN,NaN,NaN,NaN,NaN,NaN,NaN,NaN,NaN,NaN,NaN,NaN,NaN,NaN,NaN,NaN,NaN,-628.8890,415.4327,-200.7492,41747.2656,-659.2405,134.8745,575.6630,55.7147,NaN,NaN,NaN,NaN,NaN,NaN,NaN,NaN,NaN,NaN,NaN,NaN,NaN,NaN,NaN,NaN,NaN,NaN,NaN,NaN,NaN,NaN,NaN,NaN,25.0000,25.5000,26.0000,26.5000,27.0000,27.5000,28.0000,28.5000,29.0000,29.5000,30.0000,30.5000,31.0000,31.5000,32.0000,32.5000
2026-10-04 21:37:48.032,1791146268.0324,7.9356,8,9.4663,35.4381,20.3226,1038.8641,9.7237,29.5270,40.6450,27.8968,NaN,NaN,NaN,NaN,NaN,NaN,NaN,NaN,NaN,NaN,NaN,NaN,NaN,NaN,NaN,NaN,NaN,NaN,NaN,NaN,NaN,NaN,NaN,NaN,-624.3466,424.9612,-209.6324,41762.2422,-655.0532,143.0743,577.4457,56.7638,NaN,NaN,NaN,NaN,NaN,NaN,NaN,NaN,NaN,NaN,NaN,NaN,NaN,NaN,NaN,NaN,NaN,NaN,NaN,NaN,NaN,NaN,NaN,NaN,25.0000,25.5000,26.0000,26.5000,27.0000,27.5000,28.0000,28.5000,29.0000,29.5000,30.0000,30.5000,31.0000,31.5000,32.0000,32.5000
2026-10-04 21:37:48.138,1791146268.1384,8.0415,8,9.3737,35.5408,20.1130,1039.2500,9.8199,29.5924,40.7704,27.6677,NaN,NaN,NaN,NaN,NaN,NaN,NaN,NaN,NaN,NaN,NaN,NaN,NaN,NaN,NaN,NaN,NaN,NaN,NaN,NaN,NaN,NaN,NaN,NaN,-628.0527,429.1741,-217.9838,41777.0469,-651.2037,145.6745,582.5866,47.3370,NaN,NaN,NaN,NaN,NaN,NaN,NaN,NaN,NaN,NaN,NaN,NaN,NaN,NaN,NaN,NaN,NaN,NaN,NaN,NaN,NaN,NaN,NaN,NaN,25.0000,25.5000,26.0000,26.5000,27.0000,27.5000,28.0000,28.5000,29.0000,29.5000,30.0000,30.5000,31.0000,31.5000,32.0000,32.5000
2026-10-04 21:37:48.244,1791146268.2449,8.1481,8,9.5128,35.7904,19.9394,1039.6421,9.8163,29.5575,41.0670,27.4599,NaN,NaN,NaN,NaN,NaN,NaN,NaN,NaN,NaN,NaN,NaN,NaN,NaN,NaN,NaN,NaN,NaN,NaN,NaN,NaN,NaN,NaN,NaN,NaN,-622.4863,439.4053,-224.9230,41791.8672,-651.3498,144.2854,594.7465,38.7873,NaN,NaN,NaN,NaN,NaN,NaN,NaN,NaN,NaN,NaN,NaN,NaN,NaN,NaN,NaN,NaN,NaN,NaN,NaN,NaN,NaN,NaN,NaN,NaN,25.0000,25.5000,26.0000,26.5000,27.0000,27.5000,28.0000,28.5000,29.0000,29.5000,30.0000,30.5000,31.0000,31.5000,32.0000,32.5000
2026-10-04 21:37:48.351,1791146268.3513,8.2544,8,9.6285,36.0822,19.5923,1040.0414,10.0716,29.9154,41.1525,27.1582,NaN,NaN,NaN,NaN,NaN,NaN,NaN,NaN,NaN,NaN,NaN,NaN,NaN,NaN,NaN,NaN,NaN,NaN,NaN,NaN,NaN,NaN,NaN,NaN,-617.8581,451.3718,-238.8099,41807.0977,-641.1346,158.5826,598.2509,26.4279,NaN,NaN,NaN,NaN,NaN,NaN,NaN,NaN,NaN,NaN,NaN,NaN,NaN,NaN,NaN,NaN,NaN,NaN,NaN,NaN,NaN,NaN,NaN,NaN,25.0000,25.5000,26.0000,26.5000,27.0000,27.5000,28.0000,28.5000,29.0000,29.5000,30.0000,30.5000,31.0000,31.5000,32.0000,32.5000
2026-10-04 21:37:48.458,1791146268.4582,8.3613,8,9.7275,36.1287,19.5677,1040.4468,10.0899,29.8198,41.3559,27.1208,NaN,NaN,NaN,NaN,NaN,NaN,NaN,NaN,NaN,NaN,NaN,NaN,NaN,NaN,NaN,NaN,NaN,NaN,NaN,NaN,NaN,NaN,NaN,NaN,-613.9018,453.2783,-239.7910,41822.9102,-640.4050,154.7468,606.5905,24.9067,NaN,NaN,NaN,NaN,NaN,NaN,NaN,NaN,NaN,NaN,NaN,NaN,NaN,NaN,NaN,NaN,NaN,NaN,NaN,NaN,NaN,NaN,NaN,NaN,25.0000,25.5000,26.0000,26.5000,27.0000,27.5000,28.0000,28.5000,29.0000,29.5000,30.0000,30.5000,31.0000,31.5000,32.0000,32.5000
2026-10-04 21:37:48.565,1791146268.5655,8.4686,8,9.6060,36.2822,19.3282,1040.8612,10.3035,29.8924,41.4256,26.9011,NaN,NaN,NaN,NaN,NaN,NaN,NaN,NaN,NaN,NaN,NaN,NaN,NaN,NaN,NaN,NaN,NaN,NaN,NaN,NaN,NaN,NaN,NaN,NaN,-618.7614,459.5705,-249.3718,41839.1289,-631.8599,157.6587,609.4499,16.0086,NaN,NaN,NaN,NaN,NaN,NaN,NaN,NaN,NaN,NaN,NaN,NaN,NaN,NaN,NaN,NaN,NaN,NaN,NaN,NaN,NaN,NaN,NaN,NaN,25.0000,25.5000,26.0000,26.5000,27.0000,27.5000,28.0000,28.5000,29.0000,29.5000,30.0000,30.5000,31.0000,31.5000,32.0000,32.5000
2026-10-04 21:37:48.674,1791146268.6743,8.5774,8,9.8399,36.5984,19.0696,1041.2865,10.4088,29.9241,41.7721,26.6484,NaN,NaN,NaN,NaN,NaN,NaN,NaN,NaN,NaN,NaN,NaN,NaN,NaN,NaN,NaN,NaN,NaN,NaN,NaN,NaN,NaN,NaN,NaN,NaN,-609.4050,472.5351,-259.7141,41855.4297,-627.6475,158.9335,623.6547,5.9016,NaN,NaN,NaN,NaN,NaN,NaN,NaN,NaN,NaN,NaN,NaN,NaN,NaN,NaN,NaN,NaN,NaN,NaN,NaN,NaN,NaN,NaN,NaN,NaN,25.0000,25.5000,26.0000,26.5000,27.0000,27.5000,28.0000,28.5000,29.0000,29.5000,30.0000,30.5000,31.0000,31.5000,32.0000,32.5000
2026-10-04 21:37:48.781,1791146268.7810,8.6842,8,9.9782,36.6878,18.9980,1041.7099,10.4190,30.0542,41.6640,26.3367,NaN,NaN,NaN,NaN,NaN,NaN,NaN,NaN,NaN,NaN,NaN,NaN,NaN,NaN,NaN,NaN,NaN,NaN,NaN,NaN,NaN,NaN,NaN,NaN,-603.8715,476.1978,-262.5790,41871.4336,-627.2412,164.1985,619.2220,-6.4978,NaN,NaN,NaN,NaN,NaN,NaN,NaN,NaN,NaN,NaN,NaN,NaN,NaN,NaN,NaN,NaN,NaN,NaN,NaN,NaN,NaN,NaN,NaN,NaN,25.0000,25.5000,26.0000,26.5000,27.0000,27.5000,28.0000,28.5000,29.0000,29.5000,30.0000,30.5000,31.0000,31.5000,32.0000,32.5000
2026-10-04 21:37:48.887,1791146268.8878,8.7909,8,10.0772,36.8302,18.7806,1042.1368,10.5889,30.0002,41.9609,26.2321,NaN,NaN,NaN,NaN,NaN,NaN,NaN,NaN,NaN,NaN,NaN,NaN,NaN,NaN,NaN,NaN,NaN,NaN,NaN,NaN,NaN,NaN,NaN,NaN,-599.9120,482.0384,-271.2562,41887.7930,-620.4438,162.0094,631.3951,-10.6707,NaN,NaN,NaN,NaN,NaN,NaN,NaN,NaN,NaN,NaN,NaN,NaN,NaN,NaN,NaN,NaN,NaN,NaN,NaN,NaN,NaN,NaN,NaN,NaN,25.0000,25.5000,26.0000,26.5000,27.0000,27.5000,28.0000,28.5000,29.0000,29.5000,30.0000,30.5000,31.0000,31.5000,32.0000,32.5000
2026-10-04 21:37:48.995,1791146268.9954,8.8986,8,10.1482,37.2434,18.7058,1042.5740,10.5839,30.0313,41.9288,25.9368,NaN,NaN,NaN,NaN,NaN,NaN,NaN,NaN,NaN,NaN,NaN,NaN,NaN,NaN,NaN,NaN,NaN,NaN,NaN,NaN,NaN,NaN,NaN,NaN,-597.0707,498.9779,-274.2377,41904.9062,-620.6436,163.2670,630.0799,-22.5667,NaN,NaN,NaN,NaN,NaN,NaN,NaN,NaN,NaN,NaN,NaN,NaN,NaN,NaN,NaN,NaN,NaN,NaN,NaN,NaN,NaN,NaN,NaN,NaN,25.0000,25.5000,26.0000,26.5000,27.0000,27.5000,28.0000,28.5000,29.0000,29.5000,30.0000,30.5000,31.0000,31.5000,32.0000,32.5000
2026-10-04 21:37:49.103,1791146269.1032,9.0063,8,10.0886,37.4574,18.5120,1043.0195,11.0349,30.0919,42.1376,25.6671,NaN,NaN,NaN,NaN,NaN,NaN,NaN,NaN,NaN,NaN,NaN,NaN,NaN,NaN,NaN,NaN,NaN,NaN,NaN,NaN,NaN,NaN,NaN,NaN,-599.4545,507.7523,-281.9614,41922.2500,-602.6031,165.7300,638.6409,-33.6093,NaN,NaN,NaN,NaN,NaN,NaN,NaN,NaN,NaN,NaN,NaN,NaN,NaN,NaN,NaN,NaN,NaN,NaN,NaN,NaN,NaN,NaN,NaN,NaN,25.0000,25.5000,26.0000,26.5000,27.0000,27.5000,28.0000,28.5000,29.0000,29.5000,30.0000,30.5000,31.0000,31.5000,32.0000,32.5000
2026-10-04 21:37:49.210,1791146269.2104,9.1136,8,10.2812,37.5885,18.0832,1043.4658,10.9005,30.3312,42.1050,25.5816,NaN,NaN,NaN,NaN,NaN,NaN,NaN,NaN,NaN,NaN,NaN,NaN,NaN,NaN,NaN,NaN,NaN,NaN,NaN,NaN,NaN,NaN,NaN,NaN,-591.7538,513.1290,-299.1361,41939.2070,-607.9784,175.5024,637.3049,-37.1346,NaN,NaN,NaN,NaN,NaN,NaN,NaN,NaN,NaN,NaN,NaN,NaN,NaN,NaN,NaN,NaN,NaN,NaN,NaN,NaN,NaN,NaN,NaN,NaN,25.0000,25.5000,26.0000,26.5000,27.0000,27.5000,28.0000,28.5000,29.0000,29.5000,30.0000,30.5000,31.0000,31.5000,32.0000,32.5000
2026-10-04 21:37:49.318,1791146269.3181,9.2212,8,10.3487,37.6328,18.1246,1043.9179,11.0171,30.3039,42.1393,25.4334,NaN,NaN,NaN,NaN,NaN,NaN,NaN,NaN,NaN,NaN,NaN,NaN,NaN,NaN,NaN,NaN,NaN,NaN,NaN,NaN,NaN,NaN,NaN,NaN,-589.0538,514.9466,-297.4705,41956.3477,-603.3155,174.3844,638.7105,-43.2462,NaN,NaN,NaN,NaN,NaN,NaN,NaN,NaN,NaN,NaN,NaN,NaN,NaN,NaN,NaN,NaN,NaN,NaN,NaN,NaN,NaN,NaN,NaN,NaN,25.0000,25.5000,26.0000,26.5000,27.0000,27.5000,28.0000,28.5000,29.0000,29.5000,30.0000,30.5000,31.0000,31.5000,32.0000,32.5000
2026-10-04 21:37:49.425,1791146269.4260,9.3291,8,10.6250,38.0132,17.9240,1044.3758,11.3459,30.4050,42.2945,25.2728,NaN,NaN,NaN,NaN,NaN,NaN,NaN,NaN,NaN,NaN,NaN,NaN,NaN,NaN,NaN,NaN,NaN,NaN,NaN,NaN,NaN,NaN,NaN,NaN,-578.0000,530.5399,-305.5877,41974.1250,-590.1632,178.5304,645.0756,-49.8622,NaN,NaN,NaN,NaN,NaN,NaN,NaN,NaN,NaN,NaN,NaN,NaN,NaN,NaN,NaN,NaN,NaN,NaN,NaN,NaN,NaN,NaN,NaN,NaN,25.0000,25.5000,26.0000,26.5000,27.0000,27.5000,28.0000,28.5000,29.0000,29.5000,30.0000,30.5000,31.0000,31.5000,32.0000,32.5000
2026-10-04 21:37:49.533,1791146269.5335,9.4366,8,10.4976,38.0912,17.6573,1044.8361,11.4180,30.1208,42.3248,25.0844,NaN,NaN,NaN,NaN,NaN,NaN,NaN,NaN,NaN,NaN,NaN,NaN,NaN,NaN,NaN,NaN,NaN,NaN,NaN,NaN,NaN,NaN,NaN,NaN,-583.0952,533.7404,-316.5157,41992.1562,-587.2785,166.9059,646.3153,-57.5731,NaN,NaN,NaN,NaN,NaN,NaN,NaN,NaN,NaN,NaN,NaN,NaN,NaN,NaN,NaN,NaN,NaN,NaN,NaN,NaN,NaN,NaN,NaN,NaN,25.0000,25.5000,26.0000,26.5000,27.0000,27.5000,28.0000,28.5000,29.0000,29.5000,30.0000,30.5000,31.0000,31.5000,32.0000,32.5000
2026-10-04 21:37:49.640,1791146269.6404,9.5436,8,10.8874,38.1645,17.5678,1045.3001,11.5975,30.3590,42.5122,24.8345,NaN,NaN,NaN,NaN,NaN,NaN,NaN,NaN,NaN,NaN,NaN,NaN,NaN,NaN,NaN,NaN,NaN,NaN,NaN,NaN,NaN,NaN,NaN,NaN,-567.5024,536.7444,-320.2035,42009.9453,-580.0989,176.6450,653.9998,-67.6642,NaN,NaN,NaN,NaN,NaN,NaN,NaN,NaN,NaN,NaN,NaN,NaN,NaN,NaN,NaN,NaN,NaN,NaN,NaN,NaN,NaN,NaN,NaN,NaN,25.0000,25.5000,26.0000,26.5000,27.0000,27.5000,28.0000,28.5000,29.0000,29.5000,30.0000,30.5000,31.0000,31.5000,32.0000,32.5000
2026-10-04 21:37:49.748,1791146269.7485,9.6516,8,11.0503,38.1698,17.3434,1045.7711,11.6310,30.3052,42.4817,24.6797,NaN,NaN,NaN,NaN,NaN,NaN,NaN,NaN,NaN,NaN,NaN,NaN,NaN,NaN,NaN,NaN,NaN,NaN,NaN,NaN,NaN,NaN,NaN,NaN,-560.9897,536.9631,-329.4580,42027.7539,-578.7605,174.4378,652.7508,-73.8497,NaN,NaN,NaN,NaN,NaN,NaN,NaN,NaN,NaN,NaN,NaN,NaN,NaN,NaN,NaN,NaN,NaN,NaN,NaN,NaN,NaN,NaN,NaN,NaN,25.0000,25.5000,26.0000,26.5000,27.0000,27.5000,28.0000,28.5000,29.0000,29.5000,30.0000,30.5000,31.0000,31.5000,32.0000,32.5000
2026-10-04 21:37:49.855,1791146269.8551,9.7582,8,11.0729,38.3791,17.4187,1046.2393,11.8797,30.3284,42.5904,24.2984,NaN,NaN,NaN,NaN,NaN,NaN,NaN,NaN,NaN,NaN,NaN,NaN,NaN,NaN,NaN,NaN,NaN,NaN,NaN,NaN,NaN,NaN,NaN,NaN,-560.0825,545.5412,-326.3519,42045.7852,-568.8132,175.3898,657.2062,-89.0208,NaN,NaN,NaN,NaN,NaN,NaN,NaN,NaN,NaN,NaN,NaN,NaN,NaN,NaN,NaN,NaN,NaN,NaN,NaN,NaN,NaN,NaN,NaN,NaN,25.0000,25.5000,26.0000,26.5000,27.0000,27.5000,28.0000,28.5000,29.0000,29.5000,30.0000,30.5000,31.0000,31.5000,32.0000,32.5000
2026-10-04 21:37:49.962,1791146269.9623,9.8655,8,11.1915,38.5129,17.0828,1046.7151,12.0750,30.2201,42.6518,24.0436,NaN,NaN,NaN,NaN,NaN,NaN,NaN,NaN,NaN,NaN,NaN,NaN,NaN,NaN,NaN,NaN,NaN,NaN,NaN,NaN,NaN,NaN,NaN,NaN,-555.3393,551.0298,-340.1360,42064.4336,-561.0016,170.9550,659.7243,-99.2373,NaN,NaN,NaN,NaN,NaN,NaN,NaN,NaN,NaN,NaN,NaN,NaN,NaN,NaN,NaN,NaN,NaN,NaN,NaN,NaN,NaN,NaN,NaN,NaN,25.0000,25.5000,26.0000,26.5000,27.0000,27.5000,28.0000,28.5000,29.0000,29.5000,30.0000,30.5000,31.0000,31.5000,32.0000,32.5000
2026-10-04 21:37:50.068,1791146270.0687,9.9718,8,11.2467,38.8902,16.8315,1047.1902,12.2571,30.1918,42.7208,24.0098,NaN,NaN,NaN,NaN,NaN,NaN,NaN,NaN,NaN,NaN,NaN,NaN,NaN,NaN,NaN,NaN,NaN,NaN,NaN,NaN,NaN,NaN,NaN,NaN,-553.1323,566.4981,-350.2988,42082.7734,-553.7175,169.7990,662.5538,-100.6027,NaN,NaN,NaN,NaN,NaN,NaN,NaN,NaN,NaN,NaN,NaN,NaN,NaN,NaN,NaN,NaN,NaN,NaN,NaN,NaN,NaN,NaN,NaN,NaN,25.0000,25.5000,26.0000,26.5000,27.0000,27.5000,28.0000,28.5000,29.0000,29.5000,30.0000,30.5000,31.0000,31.5000,32.0000,32.5000
2026-10-04 21:37:50.175,1791146270.1752,10.0783,8,11.4764,38.9578,16.7926,1047.6665,12.3601,30.1400,42.7684,23.9401,NaN,NaN,NaN,NaN,NaN,NaN,NaN,NaN,NaN,NaN,NaN,NaN,NaN,NaN,NaN,NaN,NaN,NaN,NaN,NaN,NaN,NaN,NaN,NaN,-543.9422,569.2709,-351.8586,42100.7891,-549.5976,167.6871,664.5045,-103.4313,NaN,NaN,NaN,NaN,NaN,NaN,NaN,NaN,NaN,NaN,NaN,NaN,NaN,NaN,NaN,NaN,NaN,NaN,NaN,NaN,NaN,NaN,NaN,NaN,25.0000,25.5000,26.0000,26.5000,27.0000,27.5000,28.0000,28.5000,29.0000,29.5000,30.0000,30.5000,31.0000,31.5000,32.0000,32.5000
2026-10-04 21:37:50.282,1791146270.2823,10.1855,8,11.6643,39.1628,16.6386,1048.1509,12.4624,30.2084,42.6509,23.7723,NaN,NaN,NaN,NaN,NaN,NaN,NaN,NaN,NaN,NaN,NaN,NaN,NaN,NaN,NaN,NaN,NaN,NaN,NaN,NaN,NaN,NaN,NaN,NaN,-536.4287,577.6750,-358.0295,42119.3398,-545.5026,170.4785,659.6879,-110.2881,NaN,NaN,NaN,NaN,NaN,NaN,NaN,NaN,NaN,NaN,NaN,NaN,NaN,NaN,NaN,NaN,NaN,NaN,NaN,NaN,NaN,NaN,NaN,NaN,25.0000,25.5000,26.0000,26.5000,27.0000,27.5000,28.0000,28.5000,29.0000,29.5000,30.0000,30.5000,31.0000,31.5000,32.0000,32.5000
2026-10-04 21:37:50.390,1791146270.3907,10.2938,8,11.8194,39.1855,16.5781,1048.6451,12.7670,30.1507,42.7020,23.4052,NaN,NaN,NaN,NaN,NaN,NaN,NaN,NaN,NaN,NaN,NaN,NaN,NaN,NaN,NaN,NaN,NaN,NaN,NaN,NaN,NaN,NaN,NaN,NaN,-530.2245,578.6037,-360.4442,42138.6914,-533.3217,168.1232,661.7834,-125.4088,NaN,NaN,NaN,NaN,NaN,NaN,NaN,NaN,NaN,NaN,NaN,NaN,NaN,NaN,NaN,NaN,NaN,NaN,NaN,NaN,NaN,NaN,NaN,NaN,25.0000,25.5000,26.0000,26.5000,27.0000,27.5000,28.0000,28.5000,29.0000,29.5000,30.0000,30.5000,31.0000,31.5000,32.0000,32.5000
2026-10-04 21:37:50.496,1791146270.4970,10.4001,8,11.8149,39.4031,16.6328,1049.1295,12.9802,30.0914,42.8821,23.2543,NaN,NaN,NaN,NaN,NaN,NaN,NaN,NaN,NaN,NaN,NaN,NaN,NaN,NaN,NaN,NaN,NaN,NaN,NaN,NaN,NaN,NaN,NaN,NaN,-530.4039,587.5280,-358.2609,42157.4609,-524.7914,165.7087,669.1664,-131.6216,NaN,NaN,NaN,NaN,NaN,NaN,NaN,NaN,NaN,NaN,NaN,NaN,NaN,NaN,NaN,NaN,NaN,NaN,NaN,NaN,NaN,NaN,NaN,NaN,25.0000,25.5000,26.0000,26.5000,27.0000,27.5000,28.0000,28.5000,29.0000,29.5000,30.0000,30.5000,31.0000,31.5000,32.0000,32.5000
2026-10-04 21:37:50.604,1791146270.6049,10.5080,8,12.1641,39.3920,16.2250,1049.6254,13.0910,30.1821,42.8157,23.1500,NaN,NaN,NaN,NaN,NaN,NaN,NaN,NaN,NaN,NaN,NaN,NaN,NaN,NaN,NaN,NaN,NaN,NaN,NaN,NaN,NaN,NaN,NaN,NaN,-516.4376,587.0712,-374.5199,42176.2383,-520.3581,169.4060,666.4432,-135.8941,NaN,NaN,NaN,NaN,NaN,NaN,NaN,NaN,NaN,NaN,NaN,NaN,NaN,NaN,NaN,NaN,NaN,NaN,NaN,NaN,NaN,NaN,NaN,NaN,25.0000,25.5000,26.0000,26.5000,27.0000,27.5000,28.0000,28.5000,29.0000,29.5000,30.0000,30.5000,31.0000,31.5000,32.0000,32.5000
2026-10-04 21:37:50.713,1791146270.7130,10.6162,8,12.4044,39.5704,16.1238,1050.1236,13.2996,29.9313,42.8046,23.0008,NaN,NaN,NaN,NaN,NaN,NaN,NaN,NaN,NaN,NaN,NaN,NaN,NaN,NaN,NaN,NaN,NaN,NaN,NaN,NaN,NaN,NaN,NaN,NaN,-506.8228,594.3882,-378.5552,42195.2773,-512.0168,159.2250,665.9871,-141.9687,NaN,NaN,NaN,NaN,NaN,NaN,NaN,NaN,NaN,NaN,NaN,NaN,NaN,NaN,NaN,NaN,NaN,NaN,NaN,NaN,NaN,NaN,NaN,NaN,25.0000,25.5000,26.0000,26.5000,27.0000,27.5000,28.0000,28.5000,29.0000,29.5000,30.0000,30.5000,31.0000,31.5000,32.0000,32.5000
2026-10-04 21:37:50.820,1791146270.8207,10.7238,8,12.5485,39.5898,16.1061,1050.6215,13.5605,29.8810,42.9110,22.6872,NaN,NaN,NaN,NaN,NaN,NaN,NaN,NaN,NaN,NaN,NaN,NaN,NaN,NaN,NaN,NaN,NaN,NaN,NaN,NaN,NaN,NaN,NaN,NaN,-501.0588,595.1819,-379.2612,42214.7695,-501.5795,157.2018,670.3510,-154.5531,NaN,NaN,NaN,NaN,NaN,NaN,NaN,NaN,NaN,NaN,NaN,NaN,NaN,NaN,NaN,NaN,NaN,NaN,NaN,NaN,NaN,NaN,NaN,NaN,25.0000,25.5000,26.0000,26.5000,27.0000,27.5000,28.0000,28.5000,29.0000,29.5000,30.0000,30.5000,31.0000,31.5000,32.0000,32.5000
2026-10-04 21:37:50.928,1791146270.9282,10.8313,8,12.7121,39.8085,15.9441,1051.1215,13.7250,30.0050,42.7513,22.6352,NaN,NaN,NaN,NaN,NaN,NaN,NaN,NaN,NaN,NaN,NaN,NaN,NaN,NaN,NaN,NaN,NaN,NaN,NaN,NaN,NaN,NaN,NaN,NaN,-494.5157,604.1484,-385.7373,42234.1562,-495.0002,162.2007,663.8040,-156.6241,NaN,NaN,NaN,NaN,NaN,NaN,NaN,NaN,NaN,NaN,NaN,NaN,NaN,NaN,NaN,NaN,NaN,NaN,NaN,NaN,NaN,NaN,NaN,NaN,25.0000,25.5000,26.0000,26.5000,27.0000,27.5000,28.0000,28.5000,29.0000,29.5000,30.0000,30.5000,31.0000,31.5000,32.0000,32.5000
2026-10-04 21:37:51.034,1791146271.0346,10.9377,8,12.9795,39.8730,15.8360,1051.6192,13.9029,29.7022,42.8016,22.4012,NaN,NaN,NaN,NaN,NaN,NaN,NaN,NaN,NaN,NaN,NaN,NaN,NaN,NaN,NaN,NaN,NaN,NaN,NaN,NaN,NaN,NaN,NaN,NaN,-483.8199,606.7925,-390.0612,42253.0039,-487.8850,150.0473,665.8641,-165.9285,NaN,NaN,NaN,NaN,NaN,NaN,NaN,NaN,NaN,NaN,NaN,NaN,NaN,NaN,NaN,NaN,NaN,NaN,NaN,NaN,NaN,NaN,NaN,NaN,25.0000,25.5000,26.0000,26.5000,27.0000,27.5000,28.0000,28.5000,29.0000,29.5000,30.0000,30.5000,31.0000,31.5000,32.0000,32.5000
2026-10-04 21:37:51.142,1791146271.1422,11.0453,8,13.1786,40.0833,15.6859,1052.1211,14.2063,29.7230,42.7406,22.2645,NaN,NaN,NaN,NaN,NaN,NaN,NaN,NaN,NaN,NaN,NaN,NaN,NaN,NaN,NaN,NaN,NaN,NaN,NaN,NaN,NaN,NaN,NaN,NaN,-475.8578,615.4158,-396.0654,42272.1836,-475.7477,150.8750,663.3629,-171.3759,NaN,NaN,NaN,NaN,NaN,NaN,NaN,NaN,NaN,NaN,NaN,NaN,NaN,NaN,NaN,NaN,NaN,NaN,NaN,NaN,NaN,NaN,NaN,NaN,25.0000,25.5000,26.0000,26.5000,27.0000,27.5000,28.0000,28.5000,29.0000,29.5000,30.0000,30.5000,31.0000,31.5000,32.0000,32.5000
2026-10-04 21:37:51.250,1791146271.2505,11.1536,8,13.1275,40.0881,15.8330,1052.6297,14.3209,29.6368,42.6314,22.0994,NaN,NaN,NaN,NaN,NaN,NaN,NaN,NaN,NaN,NaN,NaN,NaN,NaN,NaN,NaN,NaN,NaN,NaN,NaN,NaN,NaN,NaN,NaN,NaN,-477.9009,615.6127,-390.1791,42292.0898,-471.1626,147.4421,658.8875,-177.9905,NaN,NaN,NaN,NaN,NaN,NaN,NaN,NaN,NaN,NaN,NaN,NaN,NaN,NaN,NaN,NaN,NaN,NaN,NaN,NaN,NaN,NaN,NaN,NaN,25.0000,25.5000,26.0000,26.5000,27.0000,27.5000,28.0000,28.5000,29.0000,29.5000,30.0000,30.5000,31.0000,31.5000,32.0000,32.5000
2026-10-04 21:37:51.357,1791146271.3570,11.2601,8,13.4366,40.2784,15.6438,1053.1289,14.3489,29.4361,42.6627,21.6898,NaN,NaN,NaN,NaN,NaN,NaN,NaN,NaN,NaN,NaN,NaN,NaN,NaN,NaN,NaN,NaN,NaN,NaN,NaN,NaN,NaN,NaN,NaN,NaN,-465.5361,623.4150,-397.7490,42311.4453,-470.0439,139.4589,660.1693,-194.6748,NaN,NaN,NaN,NaN,NaN,NaN,NaN,NaN,NaN,NaN,NaN,NaN,NaN,NaN,NaN,NaN,NaN,NaN,NaN,NaN,NaN,NaN,NaN,NaN,25.0000,25.5000,26.0000,26.5000,27.0000,27.5000,28.0000,28.5000,29.0000,29.5000,30.0000,30.5000,31.0000,31.5000,32.0000,32.5000
2026-10-04 21:37:51.464,1791146271.4650,11.3681,7,13.6068,40.2283,15.6251,1053.6363,14.6582,29.2103,42.5827,NaN,NaN,NaN,NaN,NaN,NaN,NaN,NaN,NaN,NaN,NaN,NaN,NaN,NaN,NaN,NaN,NaN,NaN,NaN,NaN,NaN,NaN,NaN,NaN,NaN,-458.7273,621.3586,-398.4955,42330.7188,-457.6728,130.4606,656.8889,NaN,NaN,NaN,NaN,NaN,NaN,NaN,NaN,NaN,NaN,NaN,NaN,NaN,NaN,NaN,NaN,NaN,NaN,NaN,NaN,NaN,NaN,NaN,NaN,NaN,25.0000,25.5000,26.0000,26.5000,27.0000,27.5000,28.0000,28.5000,29.0000,29.5000,30.0000,30.5000,31.0000,31.5000,32.0000,32.5000
2026-10-04 21:37:51.572,1791146271.5728,11.4759,7,13.7402,40.2356,15.4040,1054.1449,14.8872,29.2279,42.6209,NaN,NaN,NaN,NaN,NaN,NaN,NaN,NaN,NaN,NaN,NaN,NaN,NaN,NaN,NaN,NaN,NaN,NaN,NaN,NaN,NaN,NaN,NaN,NaN,NaN,-453.3933,621.6591,-407.3391,42349.9961,-448.5131,131.1638,658.4561,NaN,NaN,NaN,NaN,NaN,NaN,NaN,NaN,NaN,NaN,NaN,NaN,NaN,NaN,NaN,NaN,NaN,NaN,NaN,NaN,NaN,NaN,NaN,NaN,NaN,25.0000,25.5000,26.0000,26.5000,27.0000,27.5000,28.0000,28.5000,29.0000,29.5000,30.0000,30.5000,31.0000,31.5000,32.0000,32.5000
2026-10-04 21:37:51.680,1791146271.6800,11.5831,7,14.0388,40.4540,15.3815,1054.6489,15.1911,29.0083,42.4426,NaN,NaN,NaN,NaN,NaN,NaN,NaN,NaN,NaN,NaN,NaN,NaN,NaN,NaN,NaN,NaN,NaN,NaN,NaN,NaN,NaN,NaN,NaN,NaN,NaN,-441.4479,630.6124,-408.2401,42369.0859,-436.3578,122.3340,651.1456,NaN,NaN,NaN,NaN,NaN,NaN,NaN,NaN,NaN,NaN,NaN,NaN,NaN,NaN,NaN,NaN,NaN,NaN,NaN,NaN,NaN,NaN,NaN,NaN,NaN,25.0000,25.5000,26.0000,26.5000,27.0000,27.5000,28.0000,28.5000,29.0000,29.5000,30.0000,30.5000,31.0000,31.5000,32.0000,32.5000
2026-10-04 21:37:51.788,1791146271.7886,11.6918,7,14.3149,40.4784,15.3355,1055.1604,15.2089,29.0759,42.4406,NaN,NaN,NaN,NaN,NaN,NaN,NaN,NaN,NaN,NaN,NaN,NaN,NaN,NaN,NaN,NaN,NaN,NaN,NaN,NaN,NaN,NaN,NaN,NaN,NaN,-430.4040,631.6156,-410.0800,42388.7109,-435.6435,125.0641,651.0637,NaN,NaN,NaN,NaN,NaN,NaN,NaN,NaN,NaN,NaN,NaN,NaN,NaN,NaN,NaN,NaN,NaN,NaN,NaN,NaN,NaN,NaN,NaN,NaN,NaN,25.0000,25.5000,26.0000,26.5000,27.0000,27.5000,28.0000,28.5000,29.0000,29.5000,30.0000,30.5000,31.0000,31.5000,32.0000,32.5000
2026-10-04 21:37:51.895,1791146271.8959,11.7990,7,14.3991,40.4412,15.3079,1055.6669,15.4289,28.7712,42.4963,NaN,NaN,NaN,NaN,NaN,NaN,NaN,NaN,NaN,NaN,NaN,NaN,NaN,NaN,NaN,NaN,NaN,NaN,NaN,NaN,NaN,NaN,NaN,NaN,NaN,-427.0349,630.0903,-411.1829,42408.5469,-426.8452,112.6880,653.3476,NaN,NaN,NaN,NaN,NaN,NaN,NaN,NaN,NaN,NaN,NaN,NaN,NaN,NaN,NaN,NaN,NaN,NaN,NaN,NaN,NaN,NaN,NaN,NaN,NaN,25.0000,25.5000,26.0000,26.5000,27.0000,27.5000,28.0000,28.5000,29.0000,29.5000,30.0000,30.5000,31.0000,31.5000,32.0000,32.5000
2026-10-04 21:37:52.001,1791146272.0017,11.9048,7,14.5728,40.3823,15.3092,1056.1648,15.5841,28.6891,42.2934,NaN,NaN,NaN,NaN,NaN,NaN,NaN,NaN,NaN,NaN,NaN,NaN,NaN,NaN,NaN,NaN,NaN,NaN,NaN,NaN,NaN,NaN,NaN,NaN,NaN,-420.0888,627.6747,-411.1324,42427.8203,-420.6351,109.3278,645.0305,NaN,NaN,NaN,NaN,NaN,NaN,NaN,NaN,NaN,NaN,NaN,NaN,NaN,NaN,NaN,NaN,NaN,NaN,NaN,NaN,NaN,NaN,NaN,NaN,NaN,25.0000,25.5000,26.0000,26.5000,27.0000,27.5000,28.0000,28.5000,29.0000,29.5000,30.0000,30.5000,31.0000,31.5000,32.0000,32.5000
2026-10-04 21:37:52.109,1791146272.1091,12.0122,7,14.6072,40.5260,15.4248,1056.6707,15.8702,28.7407,42.3153,NaN,NaN,NaN,NaN,NaN,NaN,NaN,NaN,NaN,NaN,NaN,NaN,NaN,NaN,NaN,NaN,NaN,NaN,NaN,NaN,NaN,NaN,NaN,NaN,NaN,-418.7104,633.5664,-406.5071,42447.0234,-409.1904,111.4419,645.9257,NaN,NaN,NaN,NaN,NaN,NaN,NaN,NaN,NaN,NaN,NaN,NaN,NaN,NaN,NaN,NaN,NaN,NaN,NaN,NaN,NaN,NaN,NaN,NaN,NaN,25.0000,25.5000,26.0000,26.5000,27.0000,27.5000,28.0000,28.5000,29.0000,29.5000,30.0000,30.5000,31.0000,31.5000,32.0000,32.5000
2026-10-04 21:37:52.218,1791146272.2184,12.1215,7,15.0664,40.6635,15.2431,1057.1729,16.1097,28.4420,42.2658,NaN,NaN,NaN,NaN,NaN,NaN,NaN,NaN,NaN,NaN,NaN,NaN,NaN,NaN,NaN,NaN,NaN,NaN,NaN,NaN,NaN,NaN,NaN,NaN,NaN,-400.3434,639.2021,-413.7763,42466.0586,-399.6191,99.1769,643.8967,NaN,NaN,NaN,NaN,NaN,NaN,NaN,NaN,NaN,NaN,NaN,NaN,NaN,NaN,NaN,NaN,NaN,NaN,NaN,NaN,NaN,NaN,NaN,NaN,NaN,25.0000,25.5000,26.0000,26.5000,27.0000,27.5000,28.0000,28.5000,29.0000,29.5000,30.0000,30.5000,31.0000,31.5000,32.0000,32.5000
2026-10-04 21:37:52.324,1791146272.3242,12.2274,7,15.2897,40.6190,15.1527,1057.6758,16.1876,28.3314,42.0227,NaN,NaN,NaN,NaN,NaN,NaN,NaN,NaN,NaN,NaN,NaN,NaN,NaN,NaN,NaN,NaN,NaN,NaN,NaN,NaN,NaN,NaN,NaN,NaN,NaN,-391.4126,637.3792,-417.3911,42485.1094,-396.5107,94.6244,633.9318,NaN,NaN,NaN,NaN,NaN,NaN,NaN,NaN,NaN,NaN,NaN,NaN,NaN,NaN,NaN,NaN,NaN,NaN,NaN,NaN,NaN,NaN,NaN,NaN,NaN,25.0000,25.5000,26.0000,26.5000,27.0000,27.5000,28.0000,28.5000,29.0000,29.5000,30.0000,30.5000,31.0000,31.5000,32.0000,32.5000
2026-10-04 21:37:52.429,1791146272.4298,12.3329,7,15.4982,40.6198,15.2148,1058.1730,16.5065,28.0476,42.0582,NaN,NaN,NaN,NaN,NaN,NaN,NaN,NaN,NaN,NaN,NaN,NaN,NaN,NaN,NaN,NaN,NaN,NaN,NaN,NaN,NaN,NaN,NaN,NaN,NaN,-383.0714,637.4108,-414.9086,42504.1992,-383.8008,82.9514,635.3875,NaN,NaN,NaN,NaN,NaN,NaN,NaN,NaN,NaN,NaN,NaN,NaN,NaN,NaN,NaN,NaN,NaN,NaN,NaN,NaN,NaN,NaN,NaN,NaN,NaN,25.0000,25.5000,26.0000,26.5000,27.0000,27.5000,28.0000,28.5000,29.0000,29.5000,30.0000,30.5000,31.0000,31.5000,32.0000,32.5000
2026-10-04 21:37:52.536,1791146272.5364,12.4395,7,15.5710,40.5262,15.2622,1058.6708,16.5773,28.1349,41.8379,NaN,NaN,NaN,NaN,NaN,NaN,NaN,NaN,NaN,NaN,NaN,NaN,NaN,NaN,NaN,NaN,NaN,NaN,NaN,NaN,NaN,NaN,NaN,NaN,NaN,-380.1588,633.5753,-413.0139,42523.6992,-380.9781,86.5399,626.3529,NaN,NaN,NaN,NaN,NaN,NaN,NaN,NaN,NaN,NaN,NaN,NaN,NaN,NaN,NaN,NaN,NaN,NaN,NaN,NaN,NaN,NaN,NaN,NaN,NaN,25.0000,25.5000,26.0000,26.5000,27.0000,27.5000,28.0000,28.5000,29.0000,29.5000,30.0000,30.5000,31.0000,31.5000,32.0000,32.5000
2026-10-04 21:37:52.643,1791146272.6438,12.5470,7,15.7437,40.7541,15.2629,1059.1696,16.7913,27.9206,41.6542,NaN,NaN,NaN,NaN,NaN,NaN,NaN,NaN,NaN,NaN,NaN,NaN,NaN,NaN,NaN,NaN,NaN,NaN,NaN,NaN,NaN,NaN,NaN,NaN,NaN,-373.2502,642.9177,-412.9822,42543.0039,-372.4108,77.7417,618.8203,NaN,NaN,NaN,NaN,NaN,NaN,NaN,NaN,NaN,NaN,NaN,NaN,NaN,NaN,NaN,NaN,NaN,NaN,NaN,NaN,NaN,NaN,NaN,NaN,NaN,25.0000,25.5000,26.0000,26.5000,27.0000,27.5000,28.0000,28.5000,29.0000,29.5000,30.0000,30.5000,31.0000,31.5000,32.0000,32.5000
2026-10-04 21:37:52.750,1791146272.7505,12.6536,7,16.0168,40.5098,15.2179,1059.6663,17.1239,27.7119,41.6649,NaN,NaN,NaN,NaN,NaN,NaN,NaN,NaN,NaN,NaN,NaN,NaN,NaN,NaN,NaN,NaN,NaN,NaN,NaN,NaN,NaN,NaN,NaN,NaN,NaN,-362.3266,632.9035,-414.7823,42561.8555,-358.9610,69.1590,619.2626,NaN,NaN,NaN,NaN,NaN,NaN,NaN,NaN,NaN,NaN,NaN,NaN,NaN,NaN,NaN,NaN,NaN,NaN,NaN,NaN,NaN,NaN,NaN,NaN,NaN,25.0000,25.5000,26.0000,26.5000,27.0000,27.5000,28.0000,28.5000,29.0000,29.5000,30.0000,30.5000,31.0000,31.5000,32.0000,32.5000
2026-10-04 21:37:52.856,1791146272.8562,12.7593,7,16.2045,40.5200,15.2412,1060.1544,17.2660,27.5726,41.3932,NaN,NaN,NaN,NaN,NaN,NaN,NaN,NaN,NaN,NaN,NaN,NaN,NaN,NaN,NaN,NaN,NaN,NaN,NaN,NaN,NaN,NaN,NaN,NaN,NaN,-354.8353,633.3192,-413.8508,42580.3555,-353.1411,63.4252,608.1195,NaN,NaN,NaN,NaN,NaN,NaN,NaN,NaN,NaN,NaN,NaN,NaN,NaN,NaN,NaN,NaN,NaN,NaN,NaN,NaN,NaN,NaN,NaN,NaN,NaN,25.0000,25.5000,26.0000,26.5000,27.0000,27.5000,28.0000,28.5000,29.0000,29.5000,30.0000,30.5000,31.0000,31.5000,32.0000,32.5000
2026-10-04 21:37:52.963,1791146272.9632,12.8664,7,16.4639,40.5664,15.3055,1060.6465,17.3535,27.3341,41.2685,NaN,NaN,NaN,NaN,NaN,NaN,NaN,NaN,NaN,NaN,NaN,NaN,NaN,NaN,NaN,NaN,NaN,NaN,NaN,NaN,NaN,NaN,NaN,NaN,NaN,-344.5016,635.2207,-411.2802,42598.9961,-349.5396,53.6247,603.0070,NaN,NaN,NaN,NaN,NaN,NaN,NaN,NaN,NaN,NaN,NaN,NaN,NaN,NaN,NaN,NaN,NaN,NaN,NaN,NaN,NaN,NaN,NaN,NaN,NaN,25.0000,25.5000,26.0000,26.5000,27.0000,27.5000,28.0000,28.5000,29.0000,29.5000,30.0000,30.5000,31.0000,31.5000,32.0000,32.5000
2026-10-04 21:37:53.069,1791146273.0696,12.9728,7,16.5379,40.5198,15.2000,1061.1351,17.6451,27.2123,41.2940,NaN,NaN,NaN,NaN,NaN,NaN,NaN,NaN,NaN,NaN,NaN,NaN,NaN,NaN,NaN,NaN,NaN,NaN,NaN,NaN,NaN,NaN,NaN,NaN,NaN,-341.5513,633.3110,-415.5019,42617.7266,-337.5183,48.6355,604.0544,NaN,NaN,NaN,NaN,NaN,NaN,NaN,NaN,NaN,NaN,NaN,NaN,NaN,NaN,NaN,NaN,NaN,NaN,NaN,NaN,NaN,NaN,NaN,NaN,NaN,25.0000,25.5000,26.0000,26.5000,27.0000,27.5000,28.0000,28.5000,29.0000,29.5000,30.0000,30.5000,31.0000,31.5000,32.0000,32.5000
2026-10-04 21:37:53.176,1791146273.1768,13.0800,7,16.8152,40.4533,15.4206,1061.6236,17.8263,27.1404,41.2054,NaN,NaN,NaN,NaN,NaN,NaN,NaN,NaN,NaN,NaN,NaN,NaN,NaN,NaN,NaN,NaN,NaN,NaN,NaN,NaN,NaN,NaN,NaN,NaN,NaN,-330.4525,630.5866,-406.6741,42636.8516,-330.0736,45.7034,600.4230,NaN,NaN,NaN,NaN,NaN,NaN,NaN,NaN,NaN,NaN,NaN,NaN,NaN,NaN,NaN,NaN,NaN,NaN,NaN,NaN,NaN,NaN,NaN,NaN,NaN,25.0000,25.5000,26.0000,26.5000,27.0000,27.5000,28.0000,28.5000,29.0000,29.5000,30.0000,30.5000,31.0000,31.5000,32.0000,32.5000
2026-10-04 21:37:53.283,1791146273.2833,13.1864,7,16.9363,40.4013,15.3445,1062.1060,18.0702,26.8317,40.9595,NaN,NaN,NaN,NaN,NaN,NaN,NaN,NaN,NaN,NaN,NaN,NaN,NaN,NaN,NaN,NaN,NaN,NaN,NaN,NaN,NaN,NaN,NaN,NaN,NaN,-325.5775,628.4551,-409.7192,42655.5703,-320.1629,33.2227,590.3381,NaN,NaN,NaN,NaN,NaN,NaN,NaN,NaN,NaN,NaN,NaN,NaN,NaN,NaN,NaN,NaN,NaN,NaN,NaN,NaN,NaN,NaN,NaN,NaN,NaN,25.0000,25.5000,26.0000,26.5000,27.0000,27.5000,28.0000,28.5000,29.0000,29.5000,30.0000,30.5000,31.0000,31.5000,32.0000,32.5000
2026-10-04 21:37:53.390,1791146273.3909,13.2940,7,17.2485,40.4610,15.3897,1062.5901,18.1611,26.6340,40.7567,NaN,NaN,NaN,NaN,NaN,NaN,NaN,NaN,NaN,NaN,NaN,NaN,NaN,NaN,NaN,NaN,NaN,NaN,NaN,NaN,NaN,NaN,NaN,NaN,NaN,-312.8604,630.9006,-407.9110,42673.9727,-316.5002,25.3293,582.0227,NaN,NaN,NaN,NaN,NaN,NaN,NaN,NaN,NaN,NaN,NaN,NaN,NaN,NaN,NaN,NaN,NaN,NaN,NaN,NaN,NaN,NaN,NaN,NaN,NaN,25.0000,25.5000,26.0000,26.5000,27.0000,27.5000,28.0000,28.5000,29.0000,29.5000,30.0000,30.5000,31.0000,31.5000,32.0000,32.5000
2026-10-04 21:37:53.497,1791146273.4979,13.4010,7,17.2104,40.4145,15.3637,1063.0689,18.6145,26.3978,40.6605,NaN,NaN,NaN,NaN,NaN,NaN,NaN,NaN,NaN,NaN,NaN,NaN,NaN,NaN,NaN,NaN,NaN,NaN,NaN,NaN,NaN,NaN,NaN,NaN,NaN,-314.4232,628.9937,-408.9519,42692.1172,-298.3757,15.9359,578.0803,NaN,NaN,NaN,NaN,NaN,NaN,NaN,NaN,NaN,NaN,NaN,NaN,NaN,NaN,NaN,NaN,NaN,NaN,NaN,NaN,NaN,NaN,NaN,NaN,NaN,25.0000,25.5000,26.0000,26.5000,27.0000,27.5000,28.0000,28.5000,29.0000,29.5000,30.0000,30.5000,31.0000,31.5000,32.0000,32.5000
2026-10-04 21:37:53.605,1791146273.6051,13.5082,7,17.6929,40.3774,15.4749,1063.5448,18.3813,26.2075,40.6168,NaN,NaN,NaN,NaN,NaN,NaN,NaN,NaN,NaN,NaN,NaN,NaN,NaN,NaN,NaN,NaN,NaN,NaN,NaN,NaN,NaN,NaN,NaN,NaN,NaN,-294.5512,627.4737,-404.5029,42710.1367,-307.6764,8.3475,576.2883,NaN,NaN,NaN,NaN,NaN,NaN,NaN,NaN,NaN,NaN,NaN,NaN,NaN,NaN,NaN,NaN,NaN,NaN,NaN,NaN,NaN,NaN,NaN,NaN,NaN,25.0000,25.5000,26.0000,26.5000,27.0000,27.5000,28.0000,28.5000,29.0000,29.5000,30.0000,30.5000,31.0000,31.5000,32.0000,32.5000
2026-10-04 21:37:53.712,1791146273.7126,13.6158,7,17.7951,40.3520,15.6998,1064.0195,18.7328,26.0038,40.3078,NaN,NaN,NaN,NaN,NaN,NaN,NaN,NaN,NaN,NaN,NaN,NaN,NaN,NaN,NaN,NaN,NaN,NaN,NaN,NaN,NaN,NaN,NaN,NaN,NaN,-290.3535,626.4327,-395.5062,42728.2500,-293.6629,0.1526,563.6193,NaN,NaN,NaN,NaN,NaN,NaN,NaN,NaN,NaN,NaN,NaN,NaN,NaN,NaN,NaN,NaN,NaN,NaN,NaN,NaN,NaN,NaN,NaN,NaN,NaN,25.0000,25.5000,26.0000,26.5000,27.0000,27.5000,28.0000,28.5000,29.0000,29.5000,30.0000,30.5000,31.0000,31.5000,32.0000,32.5000
2026-10-04 21:37:53.819,1791146273.8193,13.7224,7,17.9397,40.0176,15.6656,1064.4874,18.9284,25.8683,40.2810,NaN,NaN,NaN,NaN,NaN,NaN,NaN,NaN,NaN,NaN,NaN,NaN,NaN,NaN,NaN,NaN,NaN,NaN,NaN,NaN,NaN,NaN,NaN,NaN,NaN,-284.4478,612.7222,-396.8778,42746.5039,-285.8613,-5.3587,562.5205,NaN,NaN,NaN,NaN,NaN,NaN,NaN,NaN,NaN,NaN,NaN,NaN,NaN,NaN,NaN,NaN,NaN,NaN,NaN,NaN,NaN,NaN,NaN,NaN,NaN,25.0000,25.5000,26.0000,26.5000,27.0000,27.5000,28.0000,28.5000,29.0000,29.5000,30.0000,30.5000,31.0000,31.5000,32.0000,32.5000
2026-10-04 21:37:53.926,1791146273.9267,13.8298,7,18.0417,40.1255,15.6725,1064.9522,18.9128,25.8104,40.1400,NaN,NaN,NaN,NaN,NaN,NaN,NaN,NaN,NaN,NaN,NaN,NaN,NaN,NaN,NaN,NaN,NaN,NaN,NaN,NaN,NaN,NaN,NaN,NaN,NaN,-280.3129,617.1469,-396.5986,42764.6562,-286.4828,-7.7271,556.7416,NaN,NaN,NaN,NaN,NaN,NaN,NaN,NaN,NaN,NaN,NaN,NaN,NaN,NaN,NaN,NaN,NaN,NaN,NaN,NaN,NaN,NaN,NaN,NaN,NaN,25.0000,25.5000,26.0000,26.5000,27.0000,27.5000,28.0000,28.5000,29.0000,29.5000,30.0000,30.5000,31.0000,31.5000,32.0000,32.5000
2026-10-04 21:37:54.034,1791146274.0344,13.9376,7,18.2979,40.0481,15.8499,1065.4165,19.0962,25.5879,39.8477,NaN,NaN,NaN,NaN,NaN,NaN,NaN,NaN,NaN,NaN,NaN,NaN,NaN,NaN,NaN,NaN,NaN,NaN,NaN,NaN,NaN,NaN,NaN,NaN,NaN,-270.0123,613.9713,-389.5039,42782.3984,-279.1527,-16.8730,544.7546,NaN,NaN,NaN,NaN,NaN,NaN,NaN,NaN,NaN,NaN,NaN,NaN,NaN,NaN,NaN,NaN,NaN,NaN,NaN,NaN,NaN,NaN,NaN,NaN,NaN,25.0000,25.5000,26.0000,26.5000,27.0000,27.5000,28.0000,28.5000,29.0000,29.5000,30.0000,30.5000,31.0000,31.5000,32.0000,32.5000
2026-10-04 21:37:54.140,1791146274.1409,14.0440,7,18.5014,39.8932,16.0095,1065.8710,19.2850,25.1940,39.5846,NaN,NaN,NaN,NaN,NaN,NaN,NaN,NaN,NaN,NaN,NaN,NaN,NaN,NaN,NaN,NaN,NaN,NaN,NaN,NaN,NaN,NaN,NaN,NaN,NaN,-261.8817,607.6213,-383.1188,42799.6055,-271.6012,-33.0930,533.9683,NaN,NaN,NaN,NaN,NaN,NaN,NaN,NaN,NaN,NaN,NaN,NaN,NaN,NaN,NaN,NaN,NaN,NaN,NaN,NaN,NaN,NaN,NaN,NaN,NaN,25.0000,25.5000,26.0000,26.5000,27.0000,27.5000,28.0000,28.5000,29.0000,29.5000,30.0000,30.5000,31.0000,31.5000,32.0000,32.5000
2026-10-04 21:37:54.248,1791146274.2485,14.1517,7,18.6355,39.7098,16.1031,1066.3253,19.6097,24.9901,39.4766,NaN,NaN,NaN,NaN,NaN,NaN,NaN,NaN,NaN,NaN,NaN,NaN,NaN,NaN,NaN,NaN,NaN,NaN,NaN,NaN,NaN,NaN,NaN,NaN,NaN,-256.5374,600.1036,-379.3805,42816.8633,-258.6127,-41.4020,529.5389,NaN,NaN,NaN,NaN,NaN,NaN,NaN,NaN,NaN,NaN,NaN,NaN,NaN,NaN,NaN,NaN,NaN,NaN,NaN,NaN,NaN,NaN,NaN,NaN,NaN,25.0000,25.5000,26.0000,26.5000,27.0000,27.5000,28.0000,28.5000,29.0000,29.5000,30.0000,30.5000,31.0000,31.5000,32.0000,32.5000
2026-10-04 21:37:54.356,1791146274.3569,14.2601,7,18.9129,39.7008,16.1464,1066.7787,19.5937,24.9568,39.2772,NaN,NaN,NaN,NaN,NaN,NaN,NaN,NaN,NaN,NaN,NaN,NaN,NaN,NaN,NaN,NaN,NaN,NaN,NaN,NaN,NaN,NaN,NaN,NaN,NaN,-245.4823,599.7321,-377.6534,42834.0898,-259.2520,-42.7487,521.3648,NaN,NaN,NaN,NaN,NaN,NaN,NaN,NaN,NaN,NaN,NaN,NaN,NaN,NaN,NaN,NaN,NaN,NaN,NaN,NaN,NaN,NaN,NaN,NaN,NaN,25.0000,25.5000,26.0000,26.5000,27.0000,27.5000,28.0000,28.5000,29.0000,29.5000,30.0000,30.5000,31.0000,31.5000,32.0000,32.5000
2026-10-04 21:37:54.464,1791146274.4649,14.3680,8,18.8518,39.5224,16.3319,1067.2234,19.6140,24.6483,39.2225,20.0417,NaN,NaN,NaN,NaN,NaN,NaN,NaN,NaN,NaN,NaN,NaN,NaN,NaN,NaN,NaN,NaN,NaN,NaN,NaN,NaN,NaN,NaN,NaN,NaN,-247.9182,592.4200,-370.2610,42850.9688,-258.4407,-55.1015,519.1234,-261.3336,NaN,NaN,NaN,NaN,NaN,NaN,NaN,NaN,NaN,NaN,NaN,NaN,NaN,NaN,NaN,NaN,NaN,NaN,NaN,NaN,NaN,NaN,NaN,NaN,25.0000,25.5000,26.0000,26.5000,27.0000,27.5000,28.0000,28.5000,29.0000,29.5000,30.0000,30.5000,31.0000,31.5000,32.0000,32.5000
2026-10-04 21:37:54.570,1791146274.5710,14.4741,8,19.1768,39.4728,16.4469,1067.6581,19.8327,24.5153,38.9857,20.0623,NaN,NaN,NaN,NaN,NaN,NaN,NaN,NaN,NaN,NaN,NaN,NaN,NaN,NaN,NaN,NaN,NaN,NaN,NaN,NaN,NaN,NaN,NaN,NaN,-234.9275,590.3849,-365.6785,42867.4336,-249.6917,-60.3918,509.4141,-260.5085,NaN,NaN,NaN,NaN,NaN,NaN,NaN,NaN,NaN,NaN,NaN,NaN,NaN,NaN,NaN,NaN,NaN,NaN,NaN,NaN,NaN,NaN,NaN,NaN,25.0000,25.5000,26.0000,26.5000,27.0000,27.5000,28.0000,28.5000,29.0000,29.5000,30.0000,30.5000,31.0000,31.5000,32.0000,32.5000
2026-10-04 21:37:54.677,1791146274.6773,14.5804,8,19.2675,39.3772,16.5457,1068.0872,19.9556,24.4097,38.7311,20.0064,NaN,NaN,NaN,NaN,NaN,NaN,NaN,NaN,NaN,NaN,NaN,NaN,NaN,NaN,NaN,NaN,NaN,NaN,NaN,NaN,NaN,NaN,NaN,NaN,-231.2983,586.4654,-361.7381,42883.8672,-244.7763,-64.5913,498.9747,-262.7420,NaN,NaN,NaN,NaN,NaN,NaN,NaN,NaN,NaN,NaN,NaN,NaN,NaN,NaN,NaN,NaN,NaN,NaN,NaN,NaN,NaN,NaN,NaN,NaN,25.0000,25.5000,26.0000,26.5000,27.0000,27.5000,28.0000,28.5000,29.0000,29.5000,30.0000,30.5000,31.0000,31.5000,32.0000,32.5000
2026-10-04 21:37:54.784,1791146274.7841,14.6873,8,19.3399,39.3330,16.6762,1068.5142,20.2109,23.9904,38.6168,20.0976,NaN,NaN,NaN,NaN,NaN,NaN,NaN,NaN,NaN,NaN,NaN,NaN,NaN,NaN,NaN,NaN,NaN,NaN,NaN,NaN,NaN,NaN,NaN,NaN,-228.4044,584.6539,-356.5241,42900.5586,-234.5798,-81.3901,494.2868,-259.0988,NaN,NaN,NaN,NaN,NaN,NaN,NaN,NaN,NaN,NaN,NaN,NaN,NaN,NaN,NaN,NaN,NaN,NaN,NaN,NaN,NaN,NaN,NaN,NaN,25.0000,25.5000,26.0000,26.5000,27.0000,27.5000,28.0000,28.5000,29.0000,29.5000,30.0000,30.5000,31.0000,31.5000,32.0000,32.5000
2026-10-04 21:37:54.891,1791146274.8914,14.7946,8,19.5276,39.2223,16.9787,1068.9366,20.3701,23.8271,38.2770,20.1115,NaN,NaN,NaN,NaN,NaN,NaN,NaN,NaN,NaN,NaN,NaN,NaN,NaN,NaN,NaN,NaN,NaN,NaN,NaN,NaN,NaN,NaN,NaN,NaN,-220.8972,580.1132,-344.3622,42917.0547,-228.2393,-88.0430,480.3579,-258.5435,NaN,NaN,NaN,NaN,NaN,NaN,NaN,NaN,NaN,NaN,NaN,NaN,NaN,NaN,NaN,NaN,NaN,NaN,NaN,NaN,NaN,NaN,NaN,NaN,25.0000,25.5000,26.0000,26.5000,27.0000,27.5000,28.0000,28.5000,29.0000,29.5000,30.0000,30.5000,31.0000,31.5000,32.0000,32.5000
2026-10-04 21:37:54.999,1791146274.9994,14.9025,8,21.4273,34.2191,19.7536,592.1304,22.2073,24.4651,34.3846,22.3250,NaN,NaN,NaN,NaN,NaN,NaN,NaN,NaN,NaN,NaN,NaN,NaN,NaN,NaN,NaN,NaN,NaN,NaN,NaN,NaN,NaN,NaN,NaN,NaN,-216.9520,565.5153,-348.4833,42933.0703,-230.5133,-93.6279,484.2717,-253.9614,NaN,NaN,NaN,NaN,NaN,NaN,NaN,NaN,NaN,NaN,NaN,NaN,NaN,NaN,NaN,NaN,NaN,NaN,NaN,NaN,NaN,NaN,NaN,NaN,25.0000,25.5000,26.0000,26.5000,27.0000,27.5000,28.0000,28.5000,29.0000,29.5000,30.0000,30.5000,31.0000,31.5000,32.0000,32.5000
2026-10-04 21:37:55.107,1791146275.1075,15.0106,8,21.5701,34.1760,19.9433,592.3237,22.3575,24.2789,34.1630,22.3202,NaN,NaN,NaN,NaN,NaN,NaN,NaN,NaN,NaN,NaN,NaN,NaN,NaN,NaN,NaN,NaN,NaN,NaN,NaN,NaN,NaN,NaN,NaN,NaN,-208.2089,562.8541,-336.9339,42948.7578,-221.5194,-104.9898,470.5478,-254.2499,NaN,NaN,NaN,NaN,NaN,NaN,NaN,NaN,NaN,NaN,NaN,NaN,NaN,NaN,NaN,NaN,NaN,NaN,NaN,NaN,NaN,NaN,NaN,NaN,25.0000,25.5000,26.0000,26.5000,27.0000,27.5000,28.0000,28.5000,29.0000,29.5000,30.0000,30.5000,31.0000,31.5000,32.0000,32.5000
2026-10-04 21:37:55.215,1791146275.2150,15.1181,8,21.6487,34.1458,19.9955,592.5137,22.3583,24.1930,34.0473,22.2725,NaN,NaN,NaN,NaN,NaN,NaN,NaN,NaN,NaN,NaN,NaN,NaN,NaN,NaN,NaN,NaN,NaN,NaN,NaN,NaN,NaN,NaN,NaN,NaN,-203.3960,560.9880,-333.7738,42964.1758,-221.4688,-110.2272,463.4083,-257.1082,NaN,NaN,NaN,NaN,NaN,NaN,NaN,NaN,NaN,NaN,NaN,NaN,NaN,NaN,NaN,NaN,NaN,NaN,NaN,NaN,NaN,NaN,NaN,NaN,25.0000,25.5000,26.0000,26.5000,27.0000,27.5000,28.0000,28.5000,29.0000,29.5000,30.0000,30.5000,31.0000,31.5000,32.0000,32.5000
2026-10-04 21:37:55.322,1791146275.3226,15.2257,8,21.7905,34.0327,20.1693,592.7009,22.4766,24.0140,33.8965,22.3769,NaN,NaN,NaN,NaN,NaN,NaN,NaN,NaN,NaN,NaN,NaN,NaN,NaN,NaN,NaN,NaN,NaN,NaN,NaN,NaN,NaN,NaN,NaN,NaN,-194.7311,554.0148,-323.2939,42979.3477,-214.3954,-121.1447,454.1472,-250.8551,NaN,NaN,NaN,NaN,NaN,NaN,NaN,NaN,NaN,NaN,NaN,NaN,NaN,NaN,NaN,NaN,NaN,NaN,NaN,NaN,NaN,NaN,NaN,NaN,25.0000,25.5000,26.0000,26.5000,27.0000,27.5000,28.0000,28.5000,29.0000,29.5000,30.0000,30.5000,31.0000,31.5000,32.0000,32.5000
2026-10-04 21:37:55.430,1791146275.4305,15.3336,8,21.8993,33.8764,20.2842,592.8861,22.5002,23.8841,33.6863,22.4489,NaN,NaN,NaN,NaN,NaN,NaN,NaN,NaN,NaN,NaN,NaN,NaN,NaN,NaN,NaN,NaN,NaN,NaN,NaN,NaN,NaN,NaN,NaN,NaN,-188.1069,544.4214,-316.4043,42994.3164,-212.9864,-129.0764,441.3265,-246.5522,NaN,NaN,NaN,NaN,NaN,NaN,NaN,NaN,NaN,NaN,NaN,NaN,NaN,NaN,NaN,NaN,NaN,NaN,NaN,NaN,NaN,NaN,NaN,NaN,25.0000,25.5000,26.0000,26.5000,27.0000,27.5000,28.0000,28.5000,29.0000,29.5000,30.0000,30.5000,31.0000,31.5000,32.0000,32.5000
2026-10-04 21:37:55.537,1791146275.5375,15.4406,8,21.8631,33.7080,20.3014,593.0679,22.5961,23.8083,33.5298,22.4504,NaN,NaN,NaN,NaN,NaN,NaN,NaN,NaN,NaN,NaN,NaN,NaN,NaN,NaN,NaN,NaN,NaN,NaN,NaN,NaN,NaN,NaN,NaN,NaN,-190.3061,534.1430,-315.3752,43008.9570,-207.2567,-133.7087,431.8082,-246.4616,NaN,NaN,NaN,NaN,NaN,NaN,NaN,NaN,NaN,NaN,NaN,NaN,NaN,NaN,NaN,NaN,NaN,NaN,NaN,NaN,NaN,NaN,NaN,NaN,25.0000,25.5000,26.0000,26.5000,27.0000,27.5000,28.0000,28.5000,29.0000,29.5000,30.0000,30.5000,31.0000,31.5000,32.0000,32.5000
2026-10-04 21:37:55.645,1791146275.6455,15.5487,8,22.0655,33.7001,20.3636,593.2488,22.5751,23.6381,33.3847,22.5800,NaN,NaN,NaN,NaN,NaN,NaN,NaN,NaN,NaN,NaN,NaN,NaN,NaN,NaN,NaN,NaN,NaN,NaN,NaN,NaN,NaN,NaN,NaN,NaN,-178.0465,533.6630,-311.6541,43023.4492,-208.5093,-144.1209,422.9933,-238.7217,NaN,NaN,NaN,NaN,NaN,NaN,NaN,NaN,NaN,NaN,NaN,NaN,NaN,NaN,NaN,NaN,NaN,NaN,NaN,NaN,NaN,NaN,NaN,NaN,25.0000,25.5000,26.0000,26.5000,27.0000,27.5000,28.0000,28.5000,29.0000,29.5000,30.0000,30.5000,31.0000,31.5000,32.0000,32.5000
2026-10-04 21:37:55.755,1791146275.7554,15.6586,8,21.9356,33.6016,20.5464,593.4267,22.7669,23.5920,33.3961,22.5471,NaN,NaN,NaN,NaN,NaN,NaN,NaN,NaN,NaN,NaN,NaN,NaN,NaN,NaN,NaN,NaN,NaN,NaN,NaN,NaN,NaN,NaN,NaN,NaN,-185.9014,527.6742,-300.7276,43037.6562,-197.0349,-146.9388,423.6843,-240.6827,NaN,NaN,NaN,NaN,NaN,NaN,NaN,NaN,NaN,NaN,NaN,NaN,NaN,NaN,NaN,NaN,NaN,NaN,NaN,NaN,NaN,NaN,NaN,NaN,25.0000,25.5000,26.0000,26.5000,27.0000,27.5000,28.0000,28.5000,29.0000,29.5000,30.0000,30.5000,31.0000,31.5000,32.0000,32.5000
2026-10-04 21:37:55.860,1791146275.8609,15.7641,8,22.1635,33.4675,20.6485,593.6013,22.7561,23.4155,33.2198,22.6728,NaN,NaN,NaN,NaN,NaN,NaN,NaN,NaN,NaN,NaN,NaN,NaN,NaN,NaN,NaN,NaN,NaN,NaN,NaN,NaN,NaN,NaN,NaN,NaN,-172.1432,519.5264,-294.6248,43051.5781,-197.6809,-157.7264,412.9533,-233.1723,NaN,NaN,NaN,NaN,NaN,NaN,NaN,NaN,NaN,NaN,NaN,NaN,NaN,NaN,NaN,NaN,NaN,NaN,NaN,NaN,NaN,NaN,NaN,NaN,25.0000,25.5000,26.0000,26.5000,27.0000,27.5000,28.0000,28.5000,29.0000,29.5000,30.0000,30.5000,31.0000,31.5000,32.0000,32.5000
2026-10-04 21:37:55.967,1791146275.9677,15.8708,8,22.1214,33.3614,20.8107,593.7706,22.7730,23.3299,32.9148,22.8589,NaN,NaN,NaN,NaN,NaN,NaN,NaN,NaN,NaN,NaN,NaN,NaN,NaN,NaN,NaN,NaN,NaN,NaN,NaN,NaN,NaN,NaN,NaN,NaN,-174.6767,513.0765,-284.9049,43065.1016,-196.6699,-162.9490,394.2534,-222.0083,NaN,NaN,NaN,NaN,NaN,NaN,NaN,NaN,NaN,NaN,NaN,NaN,NaN,NaN,NaN,NaN,NaN,NaN,NaN,NaN,NaN,NaN,NaN,NaN,25.0000,25.5000,26.0000,26.5000,27.0000,27.5000,28.0000,28.5000,29.0000,29.5000,30.0000,30.5000,31.0000,31.5000,32.0000,32.5000
2026-10-04 21:37:56.074,1791146276.0742,15.9773,8,22.2438,33.1953,20.8489,593.9358,22.7957,23.1842,32.9381,22.7663,NaN,NaN,NaN,NaN,NaN,NaN,NaN,NaN,NaN,NaN,NaN,NaN,NaN,NaN,NaN,NaN,NaN,NaN,NaN,NaN,NaN,NaN,NaN,NaN,-167.3248,502.9595,-282.6133,43078.3359,-195.3082,-171.8237,395.6913,-227.5694,NaN,NaN,NaN,NaN,NaN,NaN,NaN,NaN,NaN,NaN,NaN,NaN,NaN,NaN,NaN,NaN,NaN,NaN,NaN,NaN,NaN,NaN,NaN,NaN,25.0000,25.5000,26.0000,26.5000,27.0000,27.5000,28.0000,28.5000,29.0000,29.5000,30.0000,30.5000,31.0000,31.5000,32.0000,32.5000
2026-10-04 21:37:56.181,1791146276.1817,16.0848,8,22.2300,33.1810,21.0599,594.0965,22.8329,23.1012,32.7950,22.8630,NaN,NaN,NaN,NaN,NaN,NaN,NaN,NaN,NaN,NaN,NaN,NaN,NaN,NaN,NaN,NaN,NaN,NaN,NaN,NaN,NaN,NaN,NaN,NaN,-168.1535,502.0892,-269.8715,43091.2734,-193.0730,-176.8705,386.8547,-221.7596,NaN,NaN,NaN,NaN,NaN,NaN,NaN,NaN,NaN,NaN,NaN,NaN,NaN,NaN,NaN,NaN,NaN,NaN,NaN,NaN,NaN,NaN,NaN,NaN,25.0000,25.5000,26.0000,26.5000,27.0000,27.5000,28.0000,28.5000,29.0000,29.5000,30.0000,30.5000,31.0000,31.5000,32.0000,32.5000
2026-10-04 21:37:56.287,1791146276.2878,16.1909,8,22.3279,32.8981,21.1550,594.2534,22.6968,22.9017,32.5907,23.0395,NaN,NaN,NaN,NaN,NaN,NaN,NaN,NaN,NaN,NaN,NaN,NaN,NaN,NaN,NaN,NaN,NaN,NaN,NaN,NaN,NaN,NaN,NaN,NaN,-162.2878,484.7223,-264.0905,43103.9570,-201.2352,-188.9323,374.1973,-211.1075,NaN,NaN,NaN,NaN,NaN,NaN,NaN,NaN,NaN,NaN,NaN,NaN,NaN,NaN,NaN,NaN,NaN,NaN,NaN,NaN,NaN,NaN,NaN,NaN,25.0000,25.5000,26.0000,26.5000,27.0000,27.5000,28.0000,28.5000,29.0000,29.5000,30.0000,30.5000,31.0000,31.5000,32.0000,32.5000
2026-10-04 21:37:56.395,1791146276.3951,16.2982,8,22.4192,32.7876,21.2651,594.4103,22.9649,22.7918,32.5438,23.0910,NaN,NaN,NaN,NaN,NaN,NaN,NaN,NaN,NaN,NaN,NaN,NaN,NaN,NaN,NaN,NaN,NaN,NaN,NaN,NaN,NaN,NaN,NaN,NaN,-156.8276,477.8998,-257.3728,43116.6641,-185.1197,-195.5406,371.2809,-207.9839,NaN,NaN,NaN,NaN,NaN,NaN,NaN,NaN,NaN,NaN,NaN,NaN,NaN,NaN,NaN,NaN,NaN,NaN,NaN,NaN,NaN,NaN,NaN,NaN,25.0000,25.5000,26.0000,26.5000,27.0000,27.5000,28.0000,28.5000,29.0000,29.5000,30.0000,30.5000,31.0000,31.5000,32.0000,32.5000
2026-10-04 21:37:56.503,1791146276.5030,16.4061,8,22.3993,32.6609,21.3297,594.5656,22.8143,22.7182,32.4091,23.2174,NaN,NaN,NaN,NaN,NaN,NaN,NaN,NaN,NaN,NaN,NaN,NaN,NaN,NaN,NaN,NaN,NaN,NaN,NaN,NaN,NaN,NaN,NaN,NaN,-158.0199,470.0526,-253.4270,43129.2578,-194.1871,-199.9541,362.9160,-200.3036,NaN,NaN,NaN,NaN,NaN,NaN,NaN,NaN,NaN,NaN,NaN,NaN,NaN,NaN,NaN,NaN,NaN,NaN,NaN,NaN,NaN,NaN,NaN,NaN,25.0000,25.5000,26.0000,26.5000,27.0000,27.5000,28.0000,28.5000,29.0000,29.5000,30.0000,30.5000,31.0000,31.5000,32.0000,32.5000
2026-10-04 21:37:56.609,1791146276.6094,16.5126,8,22.5492,32.5859,21.5693,594.7151,22.8448,22.6528,32.1577,23.4165,NaN,NaN,NaN,NaN,NaN,NaN,NaN,NaN,NaN,NaN,NaN,NaN,NaN,NaN,NaN,NaN,NaN,NaN,NaN,NaN,NaN,NaN,NaN,NaN,-149.0626,465.3969,-238.7537,43141.3906,-192.3564,-203.8672,347.2881,-188.1627,NaN,NaN,NaN,NaN,NaN,NaN,NaN,NaN,NaN,NaN,NaN,NaN,NaN,NaN,NaN,NaN,NaN,NaN,NaN,NaN,NaN,NaN,NaN,NaN,25.0000,25.5000,26.0000,26.5000,27.0000,27.5000,28.0000,28.5000,29.0000,29.5000,30.0000,30.5000,31.0000,31.5000,32.0000,32.5000
2026-10-04 21:37:56.716,1791146276.7165,16.6196,8,22.4928,32.4080,21.6419,594.8594,22.9690,22.3765,32.1781,23.3596,NaN,NaN,NaN,NaN,NaN,NaN,NaN,NaN,NaN,NaN,NaN,NaN,NaN,NaN,NaN,NaN,NaN,NaN,NaN,NaN,NaN,NaN,NaN,NaN,-152.4286,454.3465,-234.3098,43153.1016,-184.8720,-220.3800,348.5569,-191.6420,NaN,NaN,NaN,NaN,NaN,NaN,NaN,NaN,NaN,NaN,NaN,NaN,NaN,NaN,NaN,NaN,NaN,NaN,NaN,NaN,NaN,NaN,NaN,NaN,25.0000,25.5000,26.0000,26.5000,27.0000,27.5000,28.0000,28.5000,29.0000,29.5000,30.0000,30.5000,31.0000,31.5000,32.0000,32.5000
2026-10-04 21:37:56.823,1791146276.8237,16.7268,8,22.5359,32.3931,21.7769,594.9979,22.9247,22.3755,31.9855,23.5465,NaN,NaN,NaN,NaN,NaN,NaN,NaN,NaN,NaN,NaN,NaN,NaN,NaN,NaN,NaN,NaN,NaN,NaN,NaN,NaN,NaN,NaN,NaN,NaN,-149.8554,453.4181,-226.0601,43164.3320,-187.5485,-220.4398,336.5992,-180.2220,NaN,NaN,NaN,NaN,NaN,NaN,NaN,NaN,NaN,NaN,NaN,NaN,NaN,NaN,NaN,NaN,NaN,NaN,NaN,NaN,NaN,NaN,NaN,NaN,25.0000,25.5000,26.0000,26.5000,27.0000,27.5000,28.0000,28.5000,29.0000,29.5000,30.0000,30.5000,31.0000,31.5000,32.0000,32.5000
2026-10-04 21:37:56.931,1791146276.9311,16.8342,8,22.5711,32.2829,21.8710,595.1328,22.8311,22.1462,31.7994,23.7375,NaN,NaN,NaN,NaN,NaN,NaN,NaN,NaN,NaN,NaN,NaN,NaN,NaN,NaN,NaN,NaN,NaN,NaN,NaN,NaN,NaN,NaN,NaN,NaN,-147.7499,446.5687,-220.3299,43175.2617,-193.1788,-234.1864,325.0476,-168.5379,NaN,NaN,NaN,NaN,NaN,NaN,NaN,NaN,NaN,NaN,NaN,NaN,NaN,NaN,NaN,NaN,NaN,NaN,NaN,NaN,NaN,NaN,NaN,NaN,25.0000,25.5000,26.0000,26.5000,27.0000,27.5000,28.0000,28.5000,29.0000,29.5000,30.0000,30.5000,31.0000,31.5000,32.0000,32.5000
2026-10-04 21:37:57.037,1791146277.0374,16.9406,8,22.6600,32.0911,22.0738,595.2619,22.8510,22.2438,31.8064,23.6176,NaN,NaN,NaN,NaN,NaN,NaN,NaN,NaN,NaN,NaN,NaN,NaN,NaN,NaN,NaN,NaN,NaN,NaN,NaN,NaN,NaN,NaN,NaN,NaN,-142.4341,434.6544,-208.0441,43185.7422,-191.9825,-228.3277,325.4791,-175.8708,NaN,NaN,NaN,NaN,NaN,NaN,NaN,NaN,NaN,NaN,NaN,NaN,NaN,NaN,NaN,NaN,NaN,NaN,NaN,NaN,NaN,NaN,NaN,NaN,25.0000,25.5000,26.0000,26.5000,27.0000,27.5000,28.0000,28.5000,29.0000,29.5000,30.0000,30.5000,31.0000,31.5000,32.0000,32.5000
2026-10-04 21:37:57.145,1791146277.1450,17.0481,8,22.0516,33.2385,21.5294,784.5939,22.3620,21.4034,32.5108,23.4415,NaN,NaN,NaN,NaN,NaN,NaN,NaN,NaN,NaN,NaN,NaN,NaN,NaN,NaN,NaN,NaN,NaN,NaN,NaN,NaN,NaN,NaN,NaN,NaN,-152.3414,428.4024,-204.9471,43196.0508,-188.2513,-237.4042,312.5591,-157.9851,NaN,NaN,NaN,NaN,NaN,NaN,NaN,NaN,NaN,NaN,NaN,NaN,NaN,NaN,NaN,NaN,NaN,NaN,NaN,NaN,NaN,NaN,NaN,NaN,25.0000,25.5000,26.0000,26.5000,27.0000,27.5000,28.0000,28.5000,29.0000,29.5000,30.0000,30.5000,31.0000,31.5000,32.0000,32.5000
2026-10-04 21:37:57.252,1791146277.2527,17.1559,8,22.1803,33.1383,21.7458,784.7505,22.3084,21.2757,32.3200,23.3863,NaN,NaN,NaN,NaN,NaN,NaN,NaN,NaN,NaN,NaN,NaN,NaN,NaN,NaN,NaN,NaN,NaN,NaN,NaN,NaN,NaN,NaN,NaN,NaN,-145.6833,423.1906,-193.9450,43206.0469,-191.0396,-243.8968,302.6381,-160.8646,NaN,NaN,NaN,NaN,NaN,NaN,NaN,NaN,NaN,NaN,NaN,NaN,NaN,NaN,NaN,NaN,NaN,NaN,NaN,NaN,NaN,NaN,NaN,NaN,25.0000,25.5000,26.0000,26.5000,27.0000,27.5000,28.0000,28.5000,29.0000,29.5000,30.0000,30.5000,31.0000,31.5000,32.0000,32.5000
2026-10-04 21:37:57.360,1791146277.3603,17.2634,8,22.0866,32.8787,21.9841,784.9014,22.2971,21.2024,32.2196,23.6645,NaN,NaN,NaN,NaN,NaN,NaN,NaN,NaN,NaN,NaN,NaN,NaN,NaN,NaN,NaN,NaN,NaN,NaN,NaN,NaN,NaN,NaN,NaN,NaN,-150.5350,409.6915,-181.7529,43215.7148,-191.6275,-247.6315,297.4205,-146.3709,NaN,NaN,NaN,NaN,NaN,NaN,NaN,NaN,NaN,NaN,NaN,NaN,NaN,NaN,NaN,NaN,NaN,NaN,NaN,NaN,NaN,NaN,NaN,NaN,25.0000,25.5000,26.0000,26.5000,27.0000,27.5000,28.0000,28.5000,29.0000,29.5000,30.0000,30.5000,31.0000,31.5000,32.0000,32.5000
2026-10-04 21:37:57.467,1791146277.4675,17.3706,8,22.0653,32.7265,21.9935,785.0451,22.2310,21.0736,32.0814,23.7650,NaN,NaN,NaN,NaN,NaN,NaN,NaN,NaN,NaN,NaN,NaN,NaN,NaN,NaN,NaN,NaN,NaN,NaN,NaN,NaN,NaN,NaN,NaN,NaN,-151.6335,401.7761,-181.2717,43224.9727,-195.0585,-254.2170,290.2351,-141.1487,NaN,NaN,NaN,NaN,NaN,NaN,NaN,NaN,NaN,NaN,NaN,NaN,NaN,NaN,NaN,NaN,NaN,NaN,NaN,NaN,NaN,NaN,NaN,NaN,25.0000,25.5000,26.0000,26.5000,27.0000,27.5000,28.0000,28.5000,29.0000,29.5000,30.0000,30.5000,31.0000,31.5000,32.0000,32.5000
2026-10-04 21:37:57.574,1791146277.5749,17.4780,8,22.2256,32.6832,22.1572,785.1831,22.1892,20.9081,31.9742,23.8805,NaN,NaN,NaN,NaN,NaN,NaN,NaN,NaN,NaN,NaN,NaN,NaN,NaN,NaN,NaN,NaN,NaN,NaN,NaN,NaN,NaN,NaN,NaN,NaN,-143.3369,399.5271,-172.8163,43233.9062,-197.2246,-262.7446,284.6572,-135.1658,NaN,NaN,NaN,NaN,NaN,NaN,NaN,NaN,NaN,NaN,NaN,NaN,NaN,NaN,NaN,NaN,NaN,NaN,NaN,NaN,NaN,NaN,NaN,NaN,25.0000,25.5000,26.0000,26.5000,27.0000,27.5000,28.0000,28.5000,29.0000,29.5000,30.0000,30.5000,31.0000,31.5000,32.0000,32.5000
2026-10-04 21:37:57.682,1791146277.6825,17.5856,8,22.2293,32.3306,22.4981,785.3159,22.1691,20.8660,31.7859,23.9713,NaN,NaN,NaN,NaN,NaN,NaN,NaN,NaN,NaN,NaN,NaN,NaN,NaN,NaN,NaN,NaN,NaN,NaN,NaN,NaN,NaN,NaN,NaN,NaN,-143.1471,381.1926,-155.1004,43242.5195,-198.2678,-264.9251,274.8681,-130.4783,NaN,NaN,NaN,NaN,NaN,NaN,NaN,NaN,NaN,NaN,NaN,NaN,NaN,NaN,NaN,NaN,NaN,NaN,NaN,NaN,NaN,NaN,NaN,NaN,25.0000,25.5000,26.0000,26.5000,27.0000,27.5000,28.0000,28.5000,29.0000,29.5000,30.0000,30.5000,31.0000,31.5000,32.0000,32.5000
2026-10-04 21:37:57.789,1791146277.7892,17.6923,8,22.1385,32.2023,22.6481,785.4420,22.1583,20.8630,31.7302,24.3690,NaN,NaN,NaN,NaN,NaN,NaN,NaN,NaN,NaN,NaN,NaN,NaN,NaN,NaN,NaN,NaN,NaN,NaN,NaN,NaN,NaN,NaN,NaN,NaN,-147.8478,374.5209,-147.2790,43250.7227,-198.8252,-265.0805,271.9696,-110.1520,NaN,NaN,NaN,NaN,NaN,NaN,NaN,NaN,NaN,NaN,NaN,NaN,NaN,NaN,NaN,NaN,NaN,NaN,NaN,NaN,NaN,NaN,NaN,NaN,25.0000,25.5000,26.0000,26.5000,27.0000,27.5000,28.0000,28.5000,29.0000,29.5000,30.0000,30.5000,31.0000,31.5000,32.0000,32.5000
2026-10-04 21:37:57.895,1791146277.8953,17.7984,8,22.1416,32.0578,22.7515,785.5620,21.9926,20.7561,31.5797,24.3641,NaN,NaN,NaN,NaN,NaN,NaN,NaN,NaN,NaN,NaN,NaN,NaN,NaN,NaN,NaN,NaN,NaN,NaN,NaN,NaN,NaN,NaN,NaN,NaN,-147.6912,367.0055,-141.8820,43258.5391,-207.3828,-270.6332,264.1441,-110.3990,NaN,NaN,NaN,NaN,NaN,NaN,NaN,NaN,NaN,NaN,NaN,NaN,NaN,NaN,NaN,NaN,NaN,NaN,NaN,NaN,NaN,NaN,NaN,NaN,25.0000,25.5000,26.0000,26.5000,27.0000,27.5000,28.0000,28.5000,29.0000,29.5000,30.0000,30.5000,31.0000,31.5000,32.0000,32.5000
2026-10-04 21:37:58.000,1791146278.0010,17.9041,8,22.1318,31.8802,22.8890,785.6755,21.9535,20.5728,31.4109,24.4691,NaN,NaN,NaN,NaN,NaN,NaN,NaN,NaN,NaN,NaN,NaN,NaN,NaN,NaN,NaN,NaN,NaN,NaN,NaN,NaN,NaN,NaN,NaN,NaN,-148.1981,357.7717,-134.7153,43265.9375,-209.3923,-280.1967,255.3683,-105.0691,NaN,NaN,NaN,NaN,NaN,NaN,NaN,NaN,NaN,NaN,NaN,NaN,NaN,NaN,NaN,NaN,NaN,NaN,NaN,NaN,NaN,NaN,NaN,NaN,25.0000,25.5000,26.0000,26.5000,27.0000,27.5000,28.0000,28.5000,29.0000,29.5000,30.0000,30.5000,31.0000,31.5000,32.0000,32.5000
2026-10-04 21:37:58.108,1791146278.1085,18.0116,8,22.1323,31.8989,22.9611,785.7863,21.8288,20.5249,31.3635,24.4786,NaN,NaN,NaN,NaN,NaN,NaN,NaN,NaN,NaN,NaN,NaN,NaN,NaN,NaN,NaN,NaN,NaN,NaN,NaN,NaN,NaN,NaN,NaN,NaN,-148.1686,358.7407,-130.9590,43273.1523,-215.7782,-282.6968,252.9042,-104.5840,NaN,NaN,NaN,NaN,NaN,NaN,NaN,NaN,NaN,NaN,NaN,NaN,NaN,NaN,NaN,NaN,NaN,NaN,NaN,NaN,NaN,NaN,NaN,NaN,25.0000,25.5000,26.0000,26.5000,27.0000,27.5000,28.0000,28.5000,29.0000,29.5000,30.0000,30.5000,31.0000,31.5000,32.0000,32.5000
2026-10-04 21:37:58.215,1791146278.2156,18.1187,8,22.0571,31.5979,23.1223,785.8909,21.8675,20.4770,31.2578,24.7885,NaN,NaN,NaN,NaN,NaN,NaN,NaN,NaN,NaN,NaN,NaN,NaN,NaN,NaN,NaN,NaN,NaN,NaN,NaN,NaN,NaN,NaN,NaN,NaN,-152.0565,343.0909,-122.5719,43279.9648,-213.8018,-285.2023,247.4078,-88.8338,NaN,NaN,NaN,NaN,NaN,NaN,NaN,NaN,NaN,NaN,NaN,NaN,NaN,NaN,NaN,NaN,NaN,NaN,NaN,NaN,NaN,NaN,NaN,NaN,25.0000,25.5000,26.0000,26.5000,27.0000,27.5000,28.0000,28.5000,29.0000,29.5000,30.0000,30.5000,31.0000,31.5000,32.0000,32.5000
2026-10-04 21:37:58.323,1791146278.3231,18.2263,8,21.9991,31.4574,23.3286,785.9902,21.8790,20.3127,31.2341,24.9649,NaN,NaN,NaN,NaN,NaN,NaN,NaN,NaN,NaN,NaN,NaN,NaN,NaN,NaN,NaN,NaN,NaN,NaN,NaN,NaN,NaN,NaN,NaN,NaN,-155.0439,335.7836,-111.8131,43286.4258,-213.2092,-293.7792,246.1720,-79.8080,NaN,NaN,NaN,NaN,NaN,NaN,NaN,NaN,NaN,NaN,NaN,NaN,NaN,NaN,NaN,NaN,NaN,NaN,NaN,NaN,NaN,NaN,NaN,NaN,25.0000,25.5000,26.0000,26.5000,27.0000,27.5000,28.0000,28.5000,29.0000,29.5000,30.0000,30.5000,31.0000,31.5000,32.0000,32.5000
2026-10-04 21:37:58.429,1791146278.4299,18.3330,8,21.8749,31.3921,23.6046,786.0834,21.7615,20.3830,31.0072,25.0834,NaN,NaN,NaN,NaN,NaN,NaN,NaN,NaN,NaN,NaN,NaN,NaN,NaN,NaN,NaN,NaN,NaN,NaN,NaN,NaN,NaN,NaN,NaN,NaN,-161.4190,332.3875,-97.4255,43292.4844,-219.2115,-290.1131,234.3719,-73.7001,NaN,NaN,NaN,NaN,NaN,NaN,NaN,NaN,NaN,NaN,NaN,NaN,NaN,NaN,NaN,NaN,NaN,NaN,NaN,NaN,NaN,NaN,NaN,NaN,25.0000,25.5000,26.0000,26.5000,27.0000,27.5000,28.0000,28.5000,29.0000,29.5000,30.0000,30.5000,31.0000,31.5000,32.0000,32.5000
2026-10-04 21:37:58.537,1791146278.5379,18.4411,8,21.8413,31.1822,23.7044,786.1720,21.6936,20.2729,30.9246,25.3352,NaN,NaN,NaN,NaN,NaN,NaN,NaN,NaN,NaN,NaN,NaN,NaN,NaN,NaN,NaN,NaN,NaN,NaN,NaN,NaN,NaN,NaN,NaN,NaN,-163.1396,321.4725,-92.2337,43298.2539,-222.6644,-295.8539,230.0804,-60.6459,NaN,NaN,NaN,NaN,NaN,NaN,NaN,NaN,NaN,NaN,NaN,NaN,NaN,NaN,NaN,NaN,NaN,NaN,NaN,NaN,NaN,NaN,NaN,NaN,25.0000,25.5000,26.0000,26.5000,27.0000,27.5000,28.0000,28.5000,29.0000,29.5000,30.0000,30.5000,31.0000,31.5000,32.0000,32.5000
2026-10-04 21:37:58.644,1791146278.6443,18.5474,8,21.8124,31.0642,23.7080,786.2532,21.4922,20.2552,30.7653,25.4033,NaN,NaN,NaN,NaN,NaN,NaN,NaN,NaN,NaN,NaN,NaN,NaN,NaN,NaN,NaN,NaN,NaN,NaN,NaN,NaN,NaN,NaN,NaN,NaN,-164.6124,315.3358,-92.0493,43303.5469,-232.8973,-296.7784,221.7953,-57.1026,NaN,NaN,NaN,NaN,NaN,NaN,NaN,NaN,NaN,NaN,NaN,NaN,NaN,NaN,NaN,NaN,NaN,NaN,NaN,NaN,NaN,NaN,NaN,NaN,25.0000,25.5000,26.0000,26.5000,27.0000,27.5000,28.0000,28.5000,29.0000,29.5000,30.0000,30.5000,31.0000,31.5000,32.0000,32.5000
2026-10-04 21:37:58.751,1791146278.7516,18.6548,8,21.6834,30.8934,23.8863,786.3297,21.4166,20.1381,30.8280,25.5723,NaN,NaN,NaN,NaN,NaN,NaN,NaN,NaN,NaN,NaN,NaN,NaN,NaN,NaN,NaN,NaN,NaN,NaN,NaN,NaN,NaN,NaN,NaN,NaN,-171.1878,306.4545,-82.8063,43308.5273,-236.7359,-302.8625,225.0548,-48.2930,NaN,NaN,NaN,NaN,NaN,NaN,NaN,NaN,NaN,NaN,NaN,NaN,NaN,NaN,NaN,NaN,NaN,NaN,NaN,NaN,NaN,NaN,NaN,NaN,25.0000,25.5000,26.0000,26.5000,27.0000,27.5000,28.0000,28.5000,29.0000,29.5000,30.0000,30.5000,31.0000,31.5000,32.0000,32.5000
2026-10-04 21:37:58.857,1791146278.8579,18.7611,8,21.6945,30.7565,24.0543,786.3997,21.4058,20.0511,30.6862,25.7189,NaN,NaN,NaN,NaN,NaN,NaN,NaN,NaN,NaN,NaN,NaN,NaN,NaN,NaN,NaN,NaN,NaN,NaN,NaN,NaN,NaN,NaN,NaN,NaN,-170.6210,299.3401,-74.1429,43313.0898,-237.2816,-307.3664,217.6817,-40.6483,NaN,NaN,NaN,NaN,NaN,NaN,NaN,NaN,NaN,NaN,NaN,NaN,NaN,NaN,NaN,NaN,NaN,NaN,NaN,NaN,NaN,NaN,NaN,NaN,25.0000,25.5000,26.0000,26.5000,27.0000,27.5000,28.0000,28.5000,29.0000,29.5000,30.0000,30.5000,31.0000,31.5000,32.0000,32.5000
2026-10-04 21:37:58.964,1791146278.9642,18.8674,8,21.5474,30.5337,24.2056,786.4639,21.2652,19.9959,30.6434,25.8997,NaN,NaN,NaN,NaN,NaN,NaN,NaN,NaN,NaN,NaN,NaN,NaN,NaN,NaN,NaN,NaN,NaN,NaN,NaN,NaN,NaN,NaN,NaN,NaN,-178.0941,287.7538,-66.4028,43317.2773,-244.4320,-310.2086,215.4566,-31.2213,NaN,NaN,NaN,NaN,NaN,NaN,NaN,NaN,NaN,NaN,NaN,NaN,NaN,NaN,NaN,NaN,NaN,NaN,NaN,NaN,NaN,NaN,NaN,NaN,25.0000,25.5000,26.0000,26.5000,27.0000,27.5000,28.0000,28.5000,29.0000,29.5000,30.0000,30.5000,31.0000,31.5000,32.0000,32.5000
2026-10-04 21:37:59.070,1791146279.0708,18.9739,8,21.5976,30.3747,24.3310,786.5226,21.3140,19.9949,30.4910,26.0298,NaN,NaN,NaN,NaN,NaN,NaN,NaN,NaN,NaN,NaN,NaN,NaN,NaN,NaN,NaN,NaN,NaN,NaN,NaN,NaN,NaN,NaN,NaN,NaN,-175.5476,279.4855,-60.0171,43321.0977,-241.9442,-310.2631,207.5339,-24.4489,NaN,NaN,NaN,NaN,NaN,NaN,NaN,NaN,NaN,NaN,NaN,NaN,NaN,NaN,NaN,NaN,NaN,NaN,NaN,NaN,NaN,NaN,NaN,NaN,25.0000,25.5000,26.0000,26.5000,27.0000,27.5000,28.0000,28.5000,29.0000,29.5000,30.0000,30.5000,31.0000,31.5000,32.0000,32.5000
2026-10-04 21:37:59.177,1791146279.1779,19.0810,8,20.6917,31.9138,24.2277,1079.6332,19.8290,18.3011,31.3644,26.0577,NaN,NaN,NaN,NaN,NaN,NaN,NaN,NaN,NaN,NaN,NaN,NaN,NaN,NaN,NaN,NaN,NaN,NaN,NaN,NaN,NaN,NaN,NaN,NaN,-174.4060,281.4644,-51.3433,43324.5625,-249.8382,-310.8853,197.9398,-17.6694,NaN,NaN,NaN,NaN,NaN,NaN,NaN,NaN,NaN,NaN,NaN,NaN,NaN,NaN,NaN,NaN,NaN,NaN,NaN,NaN,NaN,NaN,NaN,NaN,25.0000,25.5000,26.0000,26.5000,27.0000,27.5000,28.0000,28.5000,29.0000,29.5000,30.0000,30.5000,31.0000,31.5000,32.0000,32.5000
2026-10-04 21:37:59.285,1791146279.2852,19.1884,8,20.4797,31.6474,24.4008,1079.7146,19.6529,18.4694,31.4099,26.3339,NaN,NaN,NaN,NaN,NaN,NaN,NaN,NaN,NaN,NaN,NaN,NaN,NaN,NaN,NaN,NaN,NaN,NaN,NaN,NaN,NaN,NaN,NaN,NaN,-182.8722,270.5443,-44.4429,43327.6562,-256.8832,-304.1595,199.8078,-6.6096,NaN,NaN,NaN,NaN,NaN,NaN,NaN,NaN,NaN,NaN,NaN,NaN,NaN,NaN,NaN,NaN,NaN,NaN,NaN,NaN,NaN,NaN,NaN,NaN,25.0000,25.5000,26.0000,26.5000,27.0000,27.5000,28.0000,28.5000,29.0000,29.5000,30.0000,30.5000,31.0000,31.5000,32.0000,32.5000
2026-10-04 21:37:59.392,1791146279.3925,19.2956,8,20.2048,31.5142,24.4135,1079.7855,19.4523,18.2663,31.3427,26.5085,NaN,NaN,NaN,NaN,NaN,NaN,NaN,NaN,NaN,NaN,NaN,NaN,NaN,NaN,NaN,NaN,NaN,NaN,NaN,NaN,NaN,NaN,NaN,NaN,-193.8229,265.0808,-43.9377,43330.3477,-264.9089,-312.2781,197.0527,0.3369,NaN,NaN,NaN,NaN,NaN,NaN,NaN,NaN,NaN,NaN,NaN,NaN,NaN,NaN,NaN,NaN,NaN,NaN,NaN,NaN,NaN,NaN,NaN,NaN,25.0000,25.5000,26.0000,26.5000,27.0000,27.5000,28.0000,28.5000,29.0000,29.5000,30.0000,30.5000,31.0000,31.5000,32.0000,32.5000
2026-10-04 21:37:59.499,1791146279.4997,19.4028,8,20.2391,31.1676,24.6955,1079.8467,19.1457,18.2734,31.1936,26.6950,NaN,NaN,NaN,NaN,NaN,NaN,NaN,NaN,NaN,NaN,NaN,NaN,NaN,NaN,NaN,NaN,NaN,NaN,NaN,NaN,NaN,NaN,NaN,NaN,-192.4562,250.8721,-32.7195,43332.6758,-277.1731,-311.9935,190.9374,7.7613,NaN,NaN,NaN,NaN,NaN,NaN,NaN,NaN,NaN,NaN,NaN,NaN,NaN,NaN,NaN,NaN,NaN,NaN,NaN,NaN,NaN,NaN,NaN,NaN,25.0000,25.5000,26.0000,26.5000,27.0000,27.5000,28.0000,28.5000,29.0000,29.5000,30.0000,30.5000,31.0000,31.5000,32.0000,32.5000
2026-10-04 21:37:59.607,1791146279.6070,19.5101,8,19.9670,31.0137,24.8146,1079.8974,19.1461,18.2758,31.2159,26.9248,NaN,NaN,NaN,NaN,NaN,NaN,NaN,NaN,NaN,NaN,NaN,NaN,NaN,NaN,NaN,NaN,NaN,NaN,NaN,NaN,NaN,NaN,NaN,NaN,-203.3213,244.5601,-27.9628,43334.6016,-277.1571,-311.8963,191.8536,16.9625,NaN,NaN,NaN,NaN,NaN,NaN,NaN,NaN,NaN,NaN,NaN,NaN,NaN,NaN,NaN,NaN,NaN,NaN,NaN,NaN,NaN,NaN,NaN,NaN,25.0000,25.5000,26.0000,26.5000,27.0000,27.5000,28.0000,28.5000,29.0000,29.5000,30.0000,30.5000,31.0000,31.5000,32.0000,32.5000
2026-10-04 21:37:59.716,1791146279.7166,19.6197,8,19.8119,31.0691,25.0051,1079.9382,19.0551,18.4533,31.1347,27.0640,NaN,NaN,NaN,NaN,NaN,NaN,NaN,NaN,NaN,NaN,NaN,NaN,NaN,NaN,NaN,NaN,NaN,NaN,NaN,NaN,NaN,NaN,NaN,NaN,-209.5240,246.8342,-20.2939,43336.1523,-280.7975,-304.8035,188.5229,22.5974,NaN,NaN,NaN,NaN,NaN,NaN,NaN,NaN,NaN,NaN,NaN,NaN,NaN,NaN,NaN,NaN,NaN,NaN,NaN,NaN,NaN,NaN,NaN,NaN,25.0000,25.5000,26.0000,26.5000,27.0000,27.5000,28.0000,28.5000,29.0000,29.5000,30.0000,30.5000,31.0000,31.5000,32.0000,32.5000
2026-10-04 21:37:59.822,1791146279.8227,19.7258,8,19.7943,30.6893,25.3195,1079.9688,18.7040,18.2222,30.8756,27.3729,NaN,NaN,NaN,NaN,NaN,NaN,NaN,NaN,NaN,NaN,NaN,NaN,NaN,NaN,NaN,NaN,NaN,NaN,NaN,NaN,NaN,NaN,NaN,NaN,-210.2282,231.2268,-7.4414,43337.3125,-294.8112,-314.0468,177.8941,35.2145,NaN,NaN,NaN,NaN,NaN,NaN,NaN,NaN,NaN,NaN,NaN,NaN,NaN,NaN,NaN,NaN,NaN,NaN,NaN,NaN,NaN,NaN,NaN,NaN,25.0000,25.5000,26.0000,26.5000,27.0000,27.5000,28.0000,28.5000,29.0000,29.5000,30.0000,30.5000,31.0000,31.5000,32.0000,32.5000
2026-10-04 21:37:59.930,1791146279.9307,19.8338,8,19.5928,30.5254,25.1963,1079.9890,18.6180,18.3285,30.9464,27.5745,NaN,NaN,NaN,NaN,NaN,NaN,NaN,NaN,NaN,NaN,NaN,NaN,NaN,NaN,NaN,NaN,NaN,NaN,NaN,NaN,NaN,NaN,NaN,NaN,-218.2870,224.4796,-12.5015,43338.0820,-298.2346,-309.7868,180.7994,43.5025,NaN,NaN,NaN,NaN,NaN,NaN,NaN,NaN,NaN,NaN,NaN,NaN,NaN,NaN,NaN,NaN,NaN,NaN,NaN,NaN,NaN,NaN,NaN,NaN,25.0000,25.5000,26.0000,26.5000,27.0000,27.5000,28.0000,28.5000,29.0000,29.5000,30.0000,30.5000,31.0000,31.5000,32.0000,32.5000
2026-10-04 21:38:00.038,1791146280.0386,19.9418,8,19.4468,30.5713,25.4370,1079.9989,18.4520,18.3125,30.9398,27.7890,NaN,NaN,NaN,NaN,NaN,NaN,NaN,NaN,NaN,NaN,NaN,NaN,NaN,NaN,NaN,NaN,NaN,NaN,NaN,NaN,NaN,NaN,NaN,NaN,-224.1282,226.3694,-2.5969,43338.4570,-304.8541,-310.4274,180.5319,52.3325,NaN,NaN,NaN,NaN,NaN,NaN,NaN,NaN,NaN,NaN,NaN,NaN,NaN,NaN,NaN,NaN,NaN,NaN,NaN,NaN,NaN,NaN,NaN,NaN,25.0000,25.5000,26.0000,26.5000,27.0000,27.5000,28.0000,28.5000,29.0000,29.5000,30.0000,30.5000,31.0000,31.5000,32.0000,32.5000
2026-10-04 21:38:00.145,1791146280.1454,20.0485,8,19.3284,30.3626,25.7005,1079.9986,18.3327,18.4852,30.9342,27.8080,NaN,NaN,NaN,NaN,NaN,NaN,NaN,NaN,NaN,NaN,NaN,NaN,NaN,NaN,NaN,NaN,NaN,NaN,NaN,NaN,NaN,NaN,NaN,NaN,-228.8631,217.7903,8.2644,43338.4453,-309.6182,-303.5287,180.2990,53.1139,NaN,NaN,NaN,NaN,NaN,NaN,NaN,NaN,NaN,NaN,NaN,NaN,NaN,NaN,NaN,NaN,NaN,NaN,NaN,NaN,NaN,NaN,NaN,NaN,25.0000,25.5000,26.0000,26.5000,27.0000,27.5000,28.0000,28.5000,29.0000,29.5000,30.0000,30.5000,31.0000,31.5000,32.0000,32.5000
2026-10-04 21:38:00.252,1791146280.2522,20.1554,8,19.1824,30.1802,26.0097,1079.9880,18.2330,18.4111,30.9108,28.1022,NaN,NaN,NaN,NaN,NaN,NaN,NaN,NaN,NaN,NaN,NaN,NaN,NaN,NaN,NaN,NaN,NaN,NaN,NaN,NaN,NaN,NaN,NaN,NaN,-234.7037,210.3275,20.8938,43338.0430,-313.6106,-306.4863,179.3389,65.1937,NaN,NaN,NaN,NaN,NaN,NaN,NaN,NaN,NaN,NaN,NaN,NaN,NaN,NaN,NaN,NaN,NaN,NaN,NaN,NaN,NaN,NaN,NaN,NaN,25.0000,25.5000,26.0000,26.5000,27.0000,27.5000,28.0000,28.5000,29.0000,29.5000,30.0000,30.5000,31.0000,31.5000,32.0000,32.5000
2026-10-04 21:38:00.358,1791146280.3590,20.2621,8,19.0067,29.9589,25.9973,1079.9673,18.1671,18.4507,30.9322,28.2502,NaN,NaN,NaN,NaN,NaN,NaN,NaN,NaN,NaN,NaN,NaN,NaN,NaN,NaN,NaN,NaN,NaN,NaN,NaN,NaN,NaN,NaN,NaN,NaN,-241.7320,201.3389,20.3919,43337.2578,-316.2596,-304.9044,180.2192,71.2805,NaN,NaN,NaN,NaN,NaN,NaN,NaN,NaN,NaN,NaN,NaN,NaN,NaN,NaN,NaN,NaN,NaN,NaN,NaN,NaN,NaN,NaN,NaN,NaN,25.0000,25.5000,26.0000,26.5000,27.0000,27.5000,28.0000,28.5000,29.0000,29.5000,30.0000,30.5000,31.0000,31.5000,32.0000,32.5000
2026-10-04 21:38:00.464,1791146280.4650,20.3681,8,18.7824,29.9191,26.0266,1079.9368,17.6746,18.5761,30.8187,28.3886,NaN,NaN,NaN,NaN,NaN,NaN,NaN,NaN,NaN,NaN,NaN,NaN,NaN,NaN,NaN,NaN,NaN,NaN,NaN,NaN,NaN,NaN,NaN,NaN,-250.6849,199.7334,21.5746,43336.0977,-336.3030,-299.9057,175.5544,76.9811,NaN,NaN,NaN,NaN,NaN,NaN,NaN,NaN,NaN,NaN,NaN,NaN,NaN,NaN,NaN,NaN,NaN,NaN,NaN,NaN,NaN,NaN,NaN,NaN,25.0000,25.5000,26.0000,26.5000,27.0000,27.5000,28.0000,28.5000,29.0000,29.5000,30.0000,30.5000,31.0000,31.5000,32.0000,32.5000
2026-10-04 21:38:00.572,1791146280.5720,20.4751,8,18.6231,29.7542,26.1062,1079.8960,17.4094,18.4585,30.8782,28.6018,NaN,NaN,NaN,NaN,NaN,NaN,NaN,NaN,NaN,NaN,NaN,NaN,NaN,NaN,NaN,NaN,NaN,NaN,NaN,NaN,NaN,NaN,NaN,NaN,-257.0323,193.1228,24.7853,43334.5469,-347.2375,-304.5960,177.9987,85.7474,NaN,NaN,NaN,NaN,NaN,NaN,NaN,NaN,NaN,NaN,NaN,NaN,NaN,NaN,NaN,NaN,NaN,NaN,NaN,NaN,NaN,NaN,NaN,NaN,25.0000,25.5000,26.0000,26.5000,27.0000,27.5000,28.0000,28.5000,29.0000,29.5000,30.0000,30.5000,31.0000,31.5000,32.0000,32.5000
2026-10-04 21:38:00.678,1791146280.6784,20.5815,8,18.4032,29.7169,26.3441,1079.8453,17.5325,18.5072,30.7766,28.7798,NaN,NaN,NaN,NaN,NaN,NaN,NaN,NaN,NaN,NaN,NaN,NaN,NaN,NaN,NaN,NaN,NaN,NaN,NaN,NaN,NaN,NaN,NaN,NaN,-265.7999,191.6312,34.2974,43332.6211,-342.1583,-302.6500,173.8209,93.0384,NaN,NaN,NaN,NaN,NaN,NaN,NaN,NaN,NaN,NaN,NaN,NaN,NaN,NaN,NaN,NaN,NaN,NaN,NaN,NaN,NaN,NaN,NaN,NaN,25.0000,25.5000,26.0000,26.5000,27.0000,27.5000,28.0000,28.5000,29.0000,29.5000,30.0000,30.5000,31.0000,31.5000,32.0000,32.5000
2026-10-04 21:38:00.785,1791146280.7853,20.6884,8,18.3939,29.5383,26.2541,1079.7842,17.2120,18.6509,30.8314,28.9903,NaN,NaN,NaN,NaN,NaN,NaN,NaN,NaN,NaN,NaN,NaN,NaN,NaN,NaN,NaN,NaN,NaN,NaN,NaN,NaN,NaN,NaN,NaN,NaN,-266.1729,184.5224,30.7111,43330.3008,-355.3563,-296.9254,176.0749,101.6053,NaN,NaN,NaN,NaN,NaN,NaN,NaN,NaN,NaN,NaN,NaN,NaN,NaN,NaN,NaN,NaN,NaN,NaN,NaN,NaN,NaN,NaN,NaN,NaN,25.0000,25.5000,26.0000,26.5000,27.0000,27.5000,28.0000,28.5000,29.0000,29.5000,30.0000,30.5000,31.0000,31.5000,32.0000,32.5000
2026-10-04 21:38:00.892,1791146280.8923,20.7955,8,18.1443,29.4433,26.4363,1079.7129,17.0450,18.7189,30.7731,29.1133,NaN,NaN,NaN,NaN,NaN,NaN,NaN,NaN,NaN,NaN,NaN,NaN,NaN,NaN,NaN,NaN,NaN,NaN,NaN,NaN,NaN,NaN,NaN,NaN,-276.1752,180.7459,37.9680,43327.5898,-362.1752,-294.2143,173.6749,106.5698,NaN,NaN,NaN,NaN,NaN,NaN,NaN,NaN,NaN,NaN,NaN,NaN,NaN,NaN,NaN,NaN,NaN,NaN,NaN,NaN,NaN,NaN,NaN,NaN,25.0000,25.5000,26.0000,26.5000,27.0000,27.5000,28.0000,28.5000,29.0000,29.5000,30.0000,30.5000,31.0000,31.5000,32.0000,32.5000
2026-10-04 21:38:00.998,1791146280.9987,20.9018,8,17.8586,29.3709,26.4730,1079.6325,16.8662,18.7399,30.6138,29.4542,NaN,NaN,NaN,NaN,NaN,NaN,NaN,NaN,NaN,NaN,NaN,NaN,NaN,NaN,NaN,NaN,NaN,NaN,NaN,NaN,NaN,NaN,NaN,NaN,-287.7541,177.8647,39.4253,43324.5352,-369.4001,-293.3776,167.1187,120.1798,NaN,NaN,NaN,NaN,NaN,NaN,NaN,NaN,NaN,NaN,NaN,NaN,NaN,NaN,NaN,NaN,NaN,NaN,NaN,NaN,NaN,NaN,NaN,NaN,25.0000,25.5000,26.0000,26.5000,27.0000,27.5000,28.0000,28.5000,29.0000,29.5000,30.0000,30.5000,31.0000,31.5000,32.0000,32.5000
2026-10-04 21:38:01.105,1791146281.1058,21.0089,8,17.8402,29.3561,26.6754,1079.5410,16.5180,18.8250,30.6487,29.5695,NaN,NaN,NaN,NaN,NaN,NaN,NaN,NaN,NaN,NaN,NaN,NaN,NaN,NaN,NaN,NaN,NaN,NaN,NaN,NaN,NaN,NaN,NaN,NaN,-288.5072,177.2754,47.4791,43321.0586,-383.3423,-289.9889,168.5551,124.7614,NaN,NaN,NaN,NaN,NaN,NaN,NaN,NaN,NaN,NaN,NaN,NaN,NaN,NaN,NaN,NaN,NaN,NaN,NaN,NaN,NaN,NaN,NaN,NaN,25.0000,25.5000,26.0000,26.5000,27.0000,27.5000,28.0000,28.5000,29.0000,29.5000,30.0000,30.5000,31.0000,31.5000,32.0000,32.5000
2026-10-04 21:38:01.213,1791146281.2131,21.1162,8,17.6272,29.0981,26.7591,1079.4398,16.3222,19.0154,30.7399,29.6472,NaN,NaN,NaN,NaN,NaN,NaN,NaN,NaN,NaN,NaN,NaN,NaN,NaN,NaN,NaN,NaN,NaN,NaN,NaN,NaN,NaN,NaN,NaN,NaN,-297.2556,166.9579,50.8188,43317.2109,-391.1449,-282.3836,172.3092,127.8537,NaN,NaN,NaN,NaN,NaN,NaN,NaN,NaN,NaN,NaN,NaN,NaN,NaN,NaN,NaN,NaN,NaN,NaN,NaN,NaN,NaN,NaN,NaN,NaN,25.0000,25.5000,26.0000,26.5000,27.0000,27.5000,28.0000,28.5000,29.0000,29.5000,30.0000,30.5000,31.0000,31.5000,32.0000,32.5000
2026-10-04 21:38:01.319,1791146281.3199,21.2230,8,17.4687,29.2180,26.7806,1079.3285,16.3044,19.0067,30.8609,29.8269,NaN,NaN,NaN,NaN,NaN,NaN,NaN,NaN,NaN,NaN,NaN,NaN,NaN,NaN,NaN,NaN,NaN,NaN,NaN,NaN,NaN,NaN,NaN,NaN,-303.7900,171.7653,51.6758,43312.9844,-391.8546,-282.7318,177.2873,135.0288,NaN,NaN,NaN,NaN,NaN,NaN,NaN,NaN,NaN,NaN,NaN,NaN,NaN,NaN,NaN,NaN,NaN,NaN,NaN,NaN,NaN,NaN,NaN,NaN,25.0000,25.5000,26.0000,26.5000,27.0000,27.5000,28.0000,28.5000,29.0000,29.5000,30.0000,30.5000,31.0000,31.5000,32.0000,32.5000
2026-10-04 21:38:01.426,1791146281.4270,21.3301,8,17.1785,28.9094,26.9270,1079.2074,16.0560,19.2045,30.9598,29.8657,NaN,NaN,NaN,NaN,NaN,NaN,NaN,NaN,NaN,NaN,NaN,NaN,NaN,NaN,NaN,NaN,NaN,NaN,NaN,NaN,NaN,NaN,NaN,NaN,-315.7284,159.3241,57.5530,43308.3828,-401.7629,-274.8189,181.3494,136.5862,NaN,NaN,NaN,NaN,NaN,NaN,NaN,NaN,NaN,NaN,NaN,NaN,NaN,NaN,NaN,NaN,NaN,NaN,NaN,NaN,NaN,NaN,NaN,NaN,25.0000,25.5000,26.0000,26.5000,27.0000,27.5000,28.0000,28.5000,29.0000,29.5000,30.0000,30.5000,31.0000,31.5000,32.0000,32.5000
2026-10-04 21:38:01.534,1791146281.5342,21.4373,8,17.0621,28.8516,27.0453,1079.0768,15.9005,19.2597,30.9621,30.2202,NaN,NaN,NaN,NaN,NaN,NaN,NaN,NaN,NaN,NaN,NaN,NaN,NaN,NaN,NaN,NaN,NaN,NaN,NaN,NaN,NaN,NaN,NaN,NaN,-320.4810,156.9684,62.3350,43303.4180,-407.9816,-272.6137,181.4449,150.9603,NaN,NaN,NaN,NaN,NaN,NaN,NaN,NaN,NaN,NaN,NaN,NaN,NaN,NaN,NaN,NaN,NaN,NaN,NaN,NaN,NaN,NaN,NaN,NaN,25.0000,25.5000,26.0000,26.5000,27.0000,27.5000,28.0000,28.5000,29.0000,29.5000,30.0000,30.5000,31.0000,31.5000,32.0000,32.5000
2026-10-04 21:38:01.642,1791146281.6422,21.5454,8,16.6285,28.8439,27.0276,1078.9346,15.6756,19.3169,30.9627,30.3428,NaN,NaN,NaN,NaN,NaN,NaN,NaN,NaN,NaN,NaN,NaN,NaN,NaN,NaN,NaN,NaN,NaN,NaN,NaN,NaN,NaN,NaN,NaN,NaN,-337.9331,156.6555,61.6202,43298.0156,-416.9769,-270.3241,181.4718,155.9781,NaN,NaN,NaN,NaN,NaN,NaN,NaN,NaN,NaN,NaN,NaN,NaN,NaN,NaN,NaN,NaN,NaN,NaN,NaN,NaN,NaN,NaN,NaN,NaN,25.0000,25.5000,26.0000,26.5000,27.0000,27.5000,28.0000,28.5000,29.0000,29.5000,30.0000,30.5000,31.0000,31.5000,32.0000,32.5000
2026-10-04 21:38:01.748,1791146281.7489,21.6520,8,16.6403,28.8562,27.1747,1078.7843,15.3790,19.4737,31.0503,30.5183,NaN,NaN,NaN,NaN,NaN,NaN,NaN,NaN,NaN,NaN,NaN,NaN,NaN,NaN,NaN,NaN,NaN,NaN,NaN,NaN,NaN,NaN,NaN,NaN,-337.4591,157.1569,67.6018,43292.3047,-428.8386,-264.0532,185.0615,163.1869,NaN,NaN,NaN,NaN,NaN,NaN,NaN,NaN,NaN,NaN,NaN,NaN,NaN,NaN,NaN,NaN,NaN,NaN,NaN,NaN,NaN,NaN,NaN,NaN,25.0000,25.5000,26.0000,26.5000,27.0000,27.5000,28.0000,28.5000,29.0000,29.5000,30.0000,30.5000,31.0000,31.5000,32.0000,32.5000
2026-10-04 21:38:01.857,1791146281.8573,21.7604,8,16.5683,28.7749,27.2103,1078.6226,15.1401,19.7261,31.1056,30.5975,NaN,NaN,NaN,NaN,NaN,NaN,NaN,NaN,NaN,NaN,NaN,NaN,NaN,NaN,NaN,NaN,NaN,NaN,NaN,NaN,NaN,NaN,NaN,NaN,-340.3358,153.8403,69.0573,43286.1602,-438.3968,-253.9561,187.3303,166.4487,NaN,NaN,NaN,NaN,NaN,NaN,NaN,NaN,NaN,NaN,NaN,NaN,NaN,NaN,NaN,NaN,NaN,NaN,NaN,NaN,NaN,NaN,NaN,NaN,25.0000,25.5000,26.0000,26.5000,27.0000,27.5000,28.0000,28.5000,29.0000,29.5000,30.0000,30.5000,31.0000,31.5000,32.0000,32.5000
2026-10-04 21:38:01.964,1791146281.9641,21.8672,8,16.2208,28.7777,27.2918,1078.4526,14.8717,19.6360,31.2724,30.6057,NaN,NaN,NaN,NaN,NaN,NaN,NaN,NaN,NaN,NaN,NaN,NaN,NaN,NaN,NaN,NaN,NaN,NaN,NaN,NaN,NaN,NaN,NaN,NaN,-354.1859,153.9537,72.3898,43279.6992,-449.1339,-257.5617,194.1668,166.7859,NaN,NaN,NaN,NaN,NaN,NaN,NaN,NaN,NaN,NaN,NaN,NaN,NaN,NaN,NaN,NaN,NaN,NaN,NaN,NaN,NaN,NaN,NaN,NaN,25.0000,25.5000,26.0000,26.5000,27.0000,27.5000,28.0000,28.5000,29.0000,29.5000,30.0000,30.5000,31.0000,31.5000,32.0000,32.5000
2026-10-04 21:38:02.070,1791146282.0703,21.9734,8,16.1460,28.5920,27.1265,1078.2745,14.7870,19.9691,31.2884,30.8446,NaN,NaN,NaN,NaN,NaN,NaN,NaN,NaN,NaN,NaN,NaN,NaN,NaN,NaN,NaN,NaN,NaN,NaN,NaN,NaN,NaN,NaN,NaN,NaN,-357.1671,146.3438,65.6369,43272.9297,-452.5204,-244.2354,194.8235,176.6189,NaN,NaN,NaN,NaN,NaN,NaN,NaN,NaN,NaN,NaN,NaN,NaN,NaN,NaN,NaN,NaN,NaN,NaN,NaN,NaN,NaN,NaN,NaN,NaN,25.0000,25.5000,26.0000,26.5000,27.0000,27.5000,28.0000,28.5000,29.0000,29.5000,30.0000,30.5000,31.0000,31.5000,32.0000,32.5000
2026-10-04 21:38:02.177,1791146282.1772,22.0803,8,15.9906,28.7849,27.1422,1078.0863,14.7077,19.9783,31.3441,30.7744,NaN,NaN,NaN,NaN,NaN,NaN,NaN,NaN,NaN,NaN,NaN,NaN,NaN,NaN,NaN,NaN,NaN,NaN,NaN,NaN,NaN,NaN,NaN,NaN,-363.3780,154.2477,66.2787,43265.7812,-455.6917,-243.8679,197.1087,173.7283,NaN,NaN,NaN,NaN,NaN,NaN,NaN,NaN,NaN,NaN,NaN,NaN,NaN,NaN,NaN,NaN,NaN,NaN,NaN,NaN,NaN,NaN,NaN,NaN,25.0000,25.5000,26.0000,26.5000,27.0000,27.5000,28.0000,28.5000,29.0000,29.5000,30.0000,30.5000,31.0000,31.5000,32.0000,32.5000
2026-10-04 21:38:02.283,1791146282.2839,22.1870,8,15.8423,28.6565,27.2461,1077.8880,14.4478,20.1798,31.4555,31.0304,NaN,NaN,NaN,NaN,NaN,NaN,NaN,NaN,NaN,NaN,NaN,NaN,NaN,NaN,NaN,NaN,NaN,NaN,NaN,NaN,NaN,NaN,NaN,NaN,-369.3070,148.9936,70.5196,43258.2422,-466.0898,-235.8224,201.6772,184.2462,NaN,NaN,NaN,NaN,NaN,NaN,NaN,NaN,NaN,NaN,NaN,NaN,NaN,NaN,NaN,NaN,NaN,NaN,NaN,NaN,NaN,NaN,NaN,NaN,25.0000,25.5000,26.0000,26.5000,27.0000,27.5000,28.0000,28.5000,29.0000,29.5000,30.0000,30.5000,31.0000,31.5000,32.0000,32.5000
2026-10-04 21:38:02.390,1791146282.3903,22.2934,8,15.4312,28.6391,27.2936,1077.6821,14.1966,20.3791,31.6085,31.0764,NaN,NaN,NaN,NaN,NaN,NaN,NaN,NaN,NaN,NaN,NaN,NaN,NaN,NaN,NaN,NaN,NaN,NaN,NaN,NaN,NaN,NaN,NaN,NaN,-385.7537,148.2768,72.4633,43250.4180,-476.1365,-227.8784,207.9501,186.1317,NaN,NaN,NaN,NaN,NaN,NaN,NaN,NaN,NaN,NaN,NaN,NaN,NaN,NaN,NaN,NaN,NaN,NaN,NaN,NaN,NaN,NaN,NaN,NaN,25.0000,25.5000,26.0000,26.5000,27.0000,27.5000,28.0000,28.5000,29.0000,29.5000,30.0000,30.5000,31.0000,31.5000,32.0000,32.5000
2026-10-04 21:38:02.497,1791146282.4972,22.4003,8,15.2059,28.6203,27.1924,1077.4659,14.0198,20.4854,31.4821,31.0214,NaN,NaN,NaN,NaN,NaN,NaN,NaN,NaN,NaN,NaN,NaN,NaN,NaN,NaN,NaN,NaN,NaN,NaN,NaN,NaN,NaN,NaN,NaN,NaN,-394.7645,147.5084,68.3242,43242.2031,-483.2078,-223.6432,202.7667,183.8760,NaN,NaN,NaN,NaN,NaN,NaN,NaN,NaN,NaN,NaN,NaN,NaN,NaN,NaN,NaN,NaN,NaN,NaN,NaN,NaN,NaN,NaN,NaN,NaN,25.0000,25.5000,26.0000,26.5000,27.0000,27.5000,28.0000,28.5000,29.0000,29.5000,30.0000,30.5000,31.0000,31.5000,32.0000,32.5000
2026-10-04 21:38:02.604,1791146282.6041,22.5072,8,15.1188,28.6521,27.1513,1077.2397,13.9879,20.5594,31.9314,31.3644,NaN,NaN,NaN,NaN,NaN,NaN,NaN,NaN,NaN,NaN,NaN,NaN,NaN,NaN,NaN,NaN,NaN,NaN,NaN,NaN,NaN,NaN,NaN,NaN,-398.2488,148.8115,66.6498,43233.6094,-484.4835,-220.6916,221.1880,197.9397,NaN,NaN,NaN,NaN,NaN,NaN,NaN,NaN,NaN,NaN,NaN,NaN,NaN,NaN,NaN,NaN,NaN,NaN,NaN,NaN,NaN,NaN,NaN,NaN,25.0000,25.5000,26.0000,26.5000,27.0000,27.5000,28.0000,28.5000,29.0000,29.5000,30.0000,30.5000,31.0000,31.5000,32.0000,32.5000
